{
"type": "FeatureCollection",
"name": "regioes",
"crs": { "type": "name", "properties": { "name": "urn:ogc:def:crs:EPSG::4674" } },
"features": [
{"type":"Feature","properties":{"Name":"1","REG":"1"},"geometry":{"type":"MultiPolygon","coordinates":[[[[-49.706994173391799,-14.437776209064181,0.0],[-49.706949219670683,-14.43721725073217,0.0],[-49.708358856863534,-14.43643971275675,0.0],[-49.7089487160696,-14.436743137385269,0.0],[-49.923522727491743,-14.28917785642253,0.0],[-50.321896526374921,-13.924945944625865,300.33520000000135],[-50.321802665444864,-13.924629169194645,0.0],[-50.325506519071794,-13.901084017647198,0.0],[-50.328444891421896,-13.890580276511367,0.0],[-50.328445212893044,-13.890580108623098,282.144700000004377],[-50.403094117888429,-13.85141441762077,0.0],[-50.625880177023227,-13.33605389528485,0.0],[-50.62462598979868,-13.335122887082161,0.0],[-50.612558547591377,-13.31823332426649,0.0],[-50.607600679448133,-13.31129299779059,0.0],[-50.605801093810747,-13.277721576498291,0.0],[-50.603086865956882,-13.270546795730059,0.0],[-50.588619933633318,-13.24963553572705,0.0],[-50.585415622023277,-13.22020249079176,0.0],[-50.586928394612563,-13.21289019447123,0.0],[-50.602441329486687,-13.19855306300299,0.0],[-50.603519663601404,-13.19462885568365,0.0],[-50.602180710479388,-13.181222900136181,0.0],[-50.595789200925793,-13.17095671320083,0.0],[-50.599512778310093,-13.14681091694921,0.0],[-50.590693923334477,-13.110111987614671,0.0],[-50.594792261396861,-13.095593780995371,0.0],[-50.601958171400753,-13.090118983263711,0.0],[-50.611153202626653,-13.06350814522318,0.0],[-50.606791457582297,-13.057583103406071,0.0],[-50.577321044238843,-13.0515200872593,0.0],[-50.569570066753862,-13.03956583257451,0.0],[-50.572399248599197,-13.032971038436679,0.0],[-50.587934705620107,-13.02484424361138,0.0],[-50.59340164939097,-13.00329263211334,0.0],[-50.5792047766232,-12.998303464538409,0.0],[-50.565794062969218,-13.004348288134439,0.0],[-50.557216443714893,-13.00289746909683,0.0],[-50.54263368378254,-12.98362844461022,0.0],[-50.526324832220183,-12.976855655643609,0.0],[-50.525351909436068,-12.93791334331222,0.0],[-50.517277855702879,-12.92100487499877,0.0],[-50.514761643132772,-12.90089441347939,0.0],[-50.502627538074599,-12.88476846551703,0.0],[-50.502861392110077,-12.87349085700267,0.0],[-50.51146702085245,-12.861136544399519,0.0],[-50.496084253854818,-12.842714473557789,0.0],[-50.491460813779227,-12.82927324876656,0.0],[-50.494573879141512,-12.819811481488379,0.0],[-50.491544098709788,-12.8144939403512,0.0],[-50.485234285323287,-12.81239755173025,0.0],[-50.494268484501958,-12.786092270649981,0.0],[-50.485069162836638,-12.77640637407219,0.0],[-50.476155419901332,-12.772523865494589,0.0],[-50.477872070096097,-12.76071569117263,0.0],[-50.46892776787849,-12.755833728597279,0.0],[-50.47232169162784,-12.75270896550092,0.0],[-50.483598231969438,-12.753032265755721,0.0],[-50.486406589344348,-12.74900694035192,0.0],[-50.482786510142809,-12.739711307212611,0.0],[-50.468702700627723,-12.736525488433429,0.0],[-50.466834601054771,-12.730778494789879,0.0],[-50.468514315658069,-12.721741180395529,0.0],[-50.47918194123919,-12.716721098044941,0.0],[-50.478458021672353,-12.71038576173415,0.0],[-50.464791151358689,-12.70393185452629,0.0],[-50.462176641497528,-12.69471371871621,0.0],[-50.441661379326582,-12.69818048422826,0.0],[-50.435768511550442,-12.69474658112167,0.0],[-50.432955126392571,-12.69043182636498,0.0],[-50.437237644078422,-12.67850586460766,0.0],[-50.432795055581508,-12.66966496033035,0.0],[-50.437396479657558,-12.66173153595865,0.0],[-50.429343569976353,-12.65432037910459,0.0],[-50.429241619338079,-12.65285536531683,0.0],[-50.430920249475683,-12.651833683468331,0.0],[-50.434425852888943,-12.652163119933769,0.0],[-50.438606205964987,-12.658080663620201,0.0],[-50.439155935499763,-12.658074272919929,0.0],[-50.441263171415521,-12.65370616859548,0.0],[-50.427762677874171,-12.64289610740124,0.0],[-50.418907589946102,-12.65206539057794,0.0],[-50.413735293781691,-12.65057567044928,0.0],[-50.412099425544838,-12.64661147077633,0.0],[-50.419043336051118,-12.6250387407405,0.0],[-50.407564816891387,-12.61511340364182,0.0],[-50.392810166493753,-12.612373146194249,0.0],[-50.391797635740083,-12.607126154306609,0.0],[-50.398849660176367,-12.60281859038218,0.0],[-50.387705582697379,-12.590681286232179,0.0],[-50.38265825052661,-12.577694232267291,0.0],[-50.371160035903188,-12.57600230780209,0.0],[-50.366900798868549,-12.57188172585999,0.0],[-50.370173305071958,-12.56041993801707,0.0],[-50.366980189489183,-12.555101007751359,0.0],[-50.358923967829519,-12.55419519106117,0.0],[-50.36631793032732,-12.54650120441077,0.0],[-50.36011727763848,-12.54211257036612,0.0],[-50.346733492443278,-12.54354540417831,0.0],[-50.348005704981666,-12.53536920988944,0.0],[-50.345232051321261,-12.533683091180221,0.0],[-50.332551613485123,-12.53655038109051,0.0],[-50.330986577262252,-12.531854507187109,0.0],[-50.334925205095068,-12.5208363324756,0.0],[-50.330637074744807,-12.51546101607677,0.0],[-50.314536880799359,-12.52197418537642,0.0],[-50.313611022909527,-12.518232485338199,0.0],[-50.31921023656178,-12.50967544032236,0.0],[-50.324786973916602,-12.50849707804848,0.0],[-50.320521348078991,-12.504413162947269,0.0],[-50.312584277404348,-12.49821118324707,0.0],[-50.290128667955557,-12.48851227062451,0.0],[-50.283876335091648,-12.48017637591404,0.0],[-50.268128623661468,-12.479919756060079,0.0],[-50.26502441258063,-12.47902725710334,0.0],[-50.262797155193383,-12.47736974796368,0.0],[-50.253260590403613,-12.462448243811281,0.0],[-50.230588322273498,-12.456170198000949,0.0],[-50.222954300105293,-12.44654679480208,0.0],[-50.208004664234558,-12.449242145476219,0.0],[-50.208568817965933,-12.442897915243551,0.0],[-50.216125582325709,-12.441821770082321,0.0],[-50.212727745284397,-12.437553961320759,0.0],[-50.199074490779068,-12.43254923287388,0.0],[-50.185832922629501,-12.431952046077869,0.0],[-50.18454512369614,-12.430740371606159,0.0],[-50.185150394577867,-12.426085879883839,0.0],[-50.198344716880307,-12.419549108398099,0.0],[-50.196975235507438,-12.41377683414289,0.0],[-50.18942902445027,-12.41412047207927,0.0],[-50.189035708354233,-12.42110831924256,0.0],[-50.183537867078122,-12.42425447815201,0.0],[-50.17548442558013,-12.42416533568178,0.0],[-50.171620750701308,-12.42043753355459,0.0],[-50.171793492358923,-12.408496860927119,0.0],[-50.143069735132983,-12.396364609435411,0.0],[-50.158617218577753,-12.41280722174035,0.0],[-50.159864513747671,-12.430270443868769,0.0],[-50.161790939111953,-12.433577970144309,0.0],[-50.16584350638626,-12.437600774546279,0.0],[-50.166130732630023,-12.43765438528561,0.0],[-50.180093150468593,-12.44030603430903,0.0],[-50.181275678785632,-12.444172179428911,0.0],[-50.184646039052311,-12.45573533718238,0.0],[-50.197001214833257,-12.45892116299391,0.0],[-50.205648854462773,-12.466288429962811,0.0],[-50.205402216418243,-12.476152693440349,0.0],[-50.21587488485617,-12.4848608009899,0.0],[-50.216428784824387,-12.485991088031779,0.0],[-50.220286440485197,-12.518036387579709,0.0],[-50.230119953481697,-12.532795389007751,0.0],[-50.223345454873488,-12.544016352624199,0.0],[-50.214178403369708,-12.54883503936532,0.0],[-50.212440089369011,-12.561905171772031,0.0],[-50.206763342822342,-12.560727122644909,0.0],[-50.206476374052841,-12.554445951427359,0.0],[-50.203900504823302,-12.554019010938569,0.0],[-50.198309047114883,-12.55588599111023,0.0],[-50.193565123550982,-12.564743592089799,0.0],[-50.204449435667691,-12.564629667830181,0.0],[-50.208739244196479,-12.573466129010789,0.0],[-50.22629452029399,-12.586005362018859,0.0],[-50.228792889216173,-12.586657582685991,0.0],[-50.231027639539953,-12.586100070227809,0.0],[-50.235351005082869,-12.57824498039718,0.0],[-50.238597998809773,-12.58002276517991,0.0],[-50.246099824070932,-12.597802358337921,0.0],[-50.237370905705248,-12.624466255426469,0.0],[-50.248984695418322,-12.63150406460117,0.0],[-50.255563652488178,-12.62544509621114,0.0],[-50.257509266750787,-12.63539185301544,0.0],[-50.262816846852829,-12.638148529544839,0.0],[-50.25995739076221,-12.64624889477664,0.0],[-50.270210335512303,-12.655287838580421,0.0],[-50.264587790029793,-12.66433044388296,0.0],[-50.270925975619321,-12.67804333409538,0.0],[-50.267210941870921,-12.68288755939642,0.0],[-50.273323803940812,-12.683636158298169,0.0],[-50.278784971190291,-12.678497757941321,0.0],[-50.281598933822821,-12.68943229907733,0.0],[-50.284498403245422,-12.685245027178951,0.0],[-50.286405641896543,-12.682489994496351,0.0],[-50.29092931666915,-12.68343915593876,0.0],[-50.293123808649533,-12.688944202122229,0.0],[-50.296121057711403,-12.68492776490584,0.0],[-50.295732696692887,-12.67811325588062,0.0],[-50.300498882159893,-12.681323827281661,0.0],[-50.294679408610179,-12.69608621057548,0.0],[-50.295988623934122,-12.705506575119379,0.0],[-50.29965173328705,-12.706954077412099,0.0],[-50.299374231537847,-12.7075476951367,0.0],[-50.284625459706227,-12.71861951569409,0.0],[-50.28915002122644,-12.735682165877281,0.0],[-50.298785998797477,-12.7402927351045,0.0],[-50.297070984921518,-12.743027766957541,0.0],[-50.30265190325936,-12.746140001339009,0.0],[-50.295899338738579,-12.7539228757381,0.0],[-50.30589868448488,-12.76754797501814,0.0],[-50.303783425464097,-12.78169339581617,0.0],[-50.304549560107723,-12.785682042877539,0.0],[-50.304893457160098,-12.786751496515899,0.0],[-50.310102154048728,-12.79157819293513,0.0],[-50.311675255331842,-12.79898214803274,0.0],[-50.306988269530763,-12.805387502504511,0.0],[-50.308126384269137,-12.818555958871441,0.0],[-50.306122203747663,-12.822438224882539,0.0],[-50.302231312771497,-12.820771276919039,0.0],[-50.299440185079312,-12.826990790170401,0.0],[-50.296410707339383,-12.829162209694699,0.0],[-50.293042366327001,-12.84035205038473,0.0],[-50.291304837223251,-12.8386053725152,0.0],[-50.289567030337487,-12.836858416863651,0.0],[-50.285039770982621,-12.84387961008651,0.0],[-50.283706966024802,-12.841089309762889,0.0],[-50.27521519739085,-12.84460159312056,0.0],[-50.272068755964987,-12.84149296223401,0.0],[-50.26268058713255,-12.84522219501603,0.0],[-50.263923669318878,-12.84820527527282,0.0],[-50.25148489836014,-12.850237001557471,0.0],[-50.251251575006123,-12.85415370667034,0.0],[-50.242732013026441,-12.853146224420289,0.0],[-50.236515557432007,-12.85810934777871,0.0],[-50.231932428491888,-12.854537105930969,0.0],[-50.232174390732631,-12.85888603591015,0.0],[-50.226146264365312,-12.86187247297527,0.0],[-50.225513243400947,-12.87473426549132,0.0],[-50.213733376419988,-12.878670452490161,0.0],[-50.211563618486522,-12.876696829378471,0.0],[-50.20512050714774,-12.885834438133831,0.0],[-50.200405717883889,-12.88470083132445,0.0],[-50.196180960396987,-12.89108507309192,0.0],[-50.18381859284213,-12.89720600527159,0.0],[-50.183479964438263,-12.893405691992839,0.0],[-50.176900150516943,-12.89239153679773,0.0],[-50.173374565104183,-12.89759687609145,0.0],[-50.1610427211656,-12.89409604884009,0.0],[-50.150228718178937,-12.903365895287511,0.0],[-50.12734925174518,-12.90560793520846,0.0],[-50.110108207667047,-12.911839995404531,0.0],[-50.10433950775063,-12.90847803716033,0.0],[-50.079286386129994,-12.90637448659629,0.0],[-50.072487164022597,-12.91710655656205,0.0],[-50.050728002160923,-12.92298390576431,0.0],[-50.044850459810739,-12.93392736372726,0.0],[-50.039315391282173,-12.935701565405321,0.0],[-50.01834397759557,-12.929657685882621,0.0],[-50.003403791613259,-12.934183888963529,0.0],[-49.990170321071233,-12.94640627203796,0.0],[-49.978926815730162,-12.94029180481313,0.0],[-49.953157646512473,-12.960234303099,0.0],[-49.939814679182973,-12.957362929566379,0.0],[-49.918523027023028,-12.96447778942605,0.0],[-49.913764358266882,-12.96642865701673,0.0],[-49.909543217334082,-12.974500693213651,0.0],[-49.609004164743951,-13.14359414077996,0.0],[-49.608803051284532,-13.14370692030765,0.0],[-49.465828043099613,-13.222982879210781,0.0],[-49.369883301516808,-13.27503703283174,0.0],[-49.342463971872981,-13.2555680442699,0.0],[-49.340488348377619,-13.243549600333051,0.0],[-49.340344434755359,-13.236864535669129,0.0],[-49.3493330920044,-13.21435762029715,0.0],[-49.344614650915773,-13.201597233489739,0.0],[-49.344923262029432,-13.20035722039041,0.0],[-49.348061317628208,-13.187747364947141,0.0],[-49.345248467600349,-13.177759776653319,0.0],[-49.355219079517688,-13.154217847784791,0.0],[-49.353112906575163,-13.144430259056371,0.0],[-49.342334369474649,-13.127644296699239,0.0],[-49.345220764764228,-13.11786502509899,0.0],[-49.354366422569562,-13.111181041257369,0.0],[-49.354782513222467,-13.10342457519971,0.0],[-49.337856881137753,-13.066731770918331,0.0],[-49.322607180921651,-13.05252001423313,0.0],[-49.301254017315209,-13.02433063991727,0.0],[-49.284280066859139,-12.99209648908019,0.0],[-49.279249433801688,-12.989452590341321,0.0],[-49.276107418769293,-12.98114196318733,0.0],[-49.280144683209173,-12.977264412151049,0.0],[-49.279778276562908,-12.973432431216709,0.0],[-49.279412981049923,-12.96960128361574,0.0],[-49.267857186187157,-12.94507052374178,0.0],[-49.263526001193519,-12.940629938315841,0.0],[-49.258213156186351,-12.942235804413381,0.0],[-49.257641737223622,-12.93552212903899,0.0],[-49.252828603475123,-12.93176544073855,0.0],[-49.246860418610318,-12.917338650999771,0.0],[-49.249907357952928,-12.903218224384689,0.0],[-49.235765190199579,-12.89409956836483,0.0],[-49.237649631010953,-12.885203919092341,0.0],[-49.237802963803517,-12.884405577397869,0.0],[-49.231841214775002,-12.88412642691735,0.0],[-49.228970323223081,-12.878368601452641,0.0],[-49.223001070653027,-12.877049996281221,0.0],[-49.211413140280897,-12.878793661386521,0.0],[-49.209218094286378,-12.873941953791141,0.0],[-49.196888182927196,-12.86768609779079,0.0],[-49.193495880987292,-12.857557675149691,0.0],[-49.185469355875362,-12.84950262096268,0.0],[-49.164545973162539,-12.83700617469213,0.0],[-49.151756859390083,-12.8217777310523,0.0],[-49.146327336329612,-12.820451901733049,0.0],[-49.13732965062956,-12.801335074080029,0.0],[-49.119471038473847,-12.79079530363134,0.0],[-49.106606845526912,-12.83654385321362,0.0],[-49.097106992870508,-12.83643221544477,0.0],[-49.083493504196987,-12.845909574593,0.0],[-49.067905796787002,-12.847775197890421,0.0],[-49.072718380498273,-12.85319134748107,0.0],[-49.070994768279412,-12.860044476404269,0.0],[-49.074272345895317,-12.86999789798778,0.0],[-49.085693089429988,-12.87958101228838,0.0],[-49.081326100971452,-12.884383295894191,0.0],[-49.087701757459882,-12.88851164988845,0.0],[-49.088075662833141,-12.891960849508759,0.0],[-49.082975318381209,-12.89293031972208,0.0],[-49.085593694069011,-12.89489838645305,0.0],[-49.078466404685173,-12.904145167243581,0.0],[-49.054165809883401,-12.90899723683297,0.0],[-49.050430773265539,-12.913418681351651,0.0],[-49.04655167583492,-12.91118022557176,0.0],[-49.056187144572178,-12.94249549896784,0.0],[-49.198836419999964,-13.102622709999935,0.0],[-49.244843124843449,-13.1884881006941,0.0],[-49.131152811000298,-13.416920902999937,395.582200000004377],[-49.146473970368824,-13.440886233649271,405.2103000000061],[-49.145127357654289,-13.47068556052303,0.0],[-49.051361931000358,-13.865723094999883,457.613400000002002],[-49.085288799999944,-14.011897419999968,568.704700000002049],[-49.085802488000354,-14.014917113999926,562.121700000003329],[-49.350934020004431,-14.191552359160585,0.0],[-49.351091767776587,-14.19157299305617,0.0],[-49.385766797898199,-14.28853994186624,0.0],[-49.467358489747802,-14.454701928144759,0.0],[-49.706994173391799,-14.437776209064181,0.0]]]]}},
{"type":"Feature","properties":{"Name":"2","REG":"2"},"geometry":{"type":"MultiPolygon","coordinates":[[[[-49.04655167583492,-12.91118022557176,0.0],[-49.033939126879012,-12.90389836160889,0.0],[-49.024905680027381,-12.90704314363609,0.0],[-49.02119120260415,-12.912494042759869,0.0],[-49.010267734746307,-12.91714023456583,0.0],[-49.005270774029647,-12.932986796323201,0.0],[-48.980575486926618,-12.94867925249074,0.0],[-48.976015176150412,-12.95763657795862,0.0],[-48.880090070293598,-12.81923022816995,0.0],[-48.878518096837169,-12.81696159938652,0.0],[-48.87647306470388,-12.81572937130637,0.0],[-48.868957129958481,-12.81631773411644,0.0],[-48.87440273266418,-12.807817632262941,0.0],[-48.870276832906491,-12.80484094886434,0.0],[-48.863243404754691,-12.80541958782133,0.0],[-48.862964249610691,-12.81013269126111,0.0],[-48.857887499200871,-12.80585766455539,0.0],[-48.847152921408657,-12.81024107530969,0.0],[-48.847931848505389,-12.81867421254729,0.0],[-48.842546814321622,-12.830899629177701,0.0],[-48.845712724653133,-12.84114027688585,0.0],[-48.84274464036644,-12.84484310091625,0.0],[-48.831766156095043,-12.844877580248941,0.0],[-48.831655035208158,-12.84235366654144,0.0],[-48.826292473154112,-12.845946497018771,0.0],[-48.82132573420229,-12.844743167309471,0.0],[-48.818406835331317,-12.85398076862297,0.0],[-48.812918444601642,-12.85953111902926,0.0],[-48.814935155499263,-12.86456532954174,0.0],[-48.80568337054698,-12.867340386357251,0.0],[-48.806421446207068,-12.87037819210053,0.0],[-48.800212760918861,-12.873832690555849,0.0],[-48.800463330910873,-12.87718772321886,0.0],[-48.795294092100811,-12.876894403255459,0.0],[-48.791743790895531,-12.884668936414821,0.0],[-48.787139841475252,-12.885547570806409,0.0],[-48.786408705463629,-12.881020583523689,0.0],[-48.765036810114132,-12.901082795458951,0.0],[-48.760945661734219,-12.90690842202471,0.0],[-48.754932528545318,-12.90850567916212,0.0],[-48.749270259729762,-12.91808884816979,0.0],[-48.736960378881662,-12.92146475406517,0.0],[-48.735037056738143,-12.93294320794821,0.0],[-48.739596886691061,-12.946581662814539,0.0],[-48.731102931307042,-12.96196100964913,0.0],[-48.734827750947829,-12.975928636986239,0.0],[-48.731130247146403,-12.990228235568869,0.0],[-48.725606287040279,-12.991736601465361,0.0],[-48.718193998972403,-13.00275867920932,0.0],[-48.712795027114602,-13.000194504166091,0.0],[-48.707892197671299,-13.005033179043821,0.0],[-48.702144596972261,-12.99856313286319,0.0],[-48.695324774318252,-12.996654246615989,0.0],[-48.691753635966819,-13.003330991148269,0.0],[-48.687018846999472,-13.002912390907809,0.0],[-48.683795163041431,-12.9943295378329,0.0],[-48.674952545518281,-12.995712357463891,0.0],[-48.668546929057612,-13.00405607208849,0.0],[-48.66476742547345,-13.001953563130559,0.0],[-48.657493171317348,-13.0058844587544,0.0],[-48.656938465649283,-13.013214533593761,0.0],[-48.648238339041903,-13.01127148630659,0.0],[-48.640823528174863,-13.015448773738511,0.0],[-48.638717121308041,-13.01881603623106,0.0],[-48.637539381133251,-13.035105924599209,0.0],[-48.628110975405782,-13.05259390668119,0.0],[-48.620240034102032,-13.052846156487769,0.0],[-48.613151349449907,-13.06022791930847,0.0],[-48.603820107477347,-13.05967655465388,0.0],[-48.602483425925207,-13.06076268085099,0.0],[-48.601950093666943,-13.063311874629029,0.0],[-48.603157105948597,-13.078727579971799,0.0],[-48.596852575365602,-13.07904732549269,0.0],[-48.59866345065123,-13.084138481556669,0.0],[-48.589316985211269,-13.100010891752611,0.0],[-48.597016004892723,-13.107310939854861,0.0],[-48.586038628148849,-13.10651457812317,0.0],[-48.577482463885133,-13.126114245125359,0.0],[-48.579048877504484,-13.12703036034517,0.0],[-48.582181982526023,-13.128863146341869,0.0],[-48.582612587990511,-13.142044109496309,0.0],[-48.589629085790222,-13.145584400014609,0.0],[-48.590974955563837,-13.15092139323867,0.0],[-48.59714865926977,-13.153068339236601,0.0],[-48.592928898819068,-13.159102857234229,0.0],[-48.586849093840712,-13.15951538084636,0.0],[-48.58762385344258,-13.16749101323361,0.0],[-48.578324859581762,-13.174587780333191,0.0],[-48.584098850942461,-13.181327273235141,0.0],[-48.578315737365671,-13.187907079456091,0.0],[-48.580876619258028,-13.191821276794521,0.0],[-48.580843010119722,-13.192549061913811,0.0],[-48.580130273749127,-13.207844771754861,0.0],[-48.584068672083241,-13.210968956773931,0.0],[-48.583694539242657,-13.222588240044679,0.0],[-48.594152506647937,-13.23593750549789,0.0],[-48.600955944678851,-13.23906890349758,0.0],[-48.59832399088954,-13.247117047397079,0.0],[-48.588022486576612,-13.255188549641369,0.0],[-48.592060603622357,-13.256847441934619,0.0],[-48.589959488719657,-13.264354745408991,0.0],[-48.59861356596803,-13.28467602996839,0.0],[-48.600930023832191,-13.29560140848983,0.0],[-48.586793792941272,-13.31805417675054,0.0],[-48.578629504727523,-13.315548900660289,0.0],[-48.568065736325693,-13.31230668059276,0.0],[-48.553990785687731,-13.30242079490346,0.0],[-48.554240438889607,-13.28095197004134,0.0],[-48.560124109353232,-13.274382163599309,0.0],[-48.5553239902491,-13.25876730192436,0.0],[-48.555574480278253,-13.23825793079228,0.0],[-48.55026716018876,-13.2310109314698,0.0],[-48.55409441785774,-13.22578003382508,0.0],[-48.554991306375832,-13.2054076062335,0.0],[-48.544711131153598,-13.19560781962775,0.0],[-48.530766762584307,-13.19300172741262,0.0],[-48.530541733692417,-13.185299429261899,0.0],[-48.521627660852722,-13.167215944493361,0.0],[-48.522376751522259,-13.141325128583009,0.0],[-48.509226251385243,-13.12926977268682,0.0],[-48.50918069550724,-13.129362551535531,0.0],[-48.506909012612361,-13.1339437155971,0.0],[-48.495379974176743,-13.13701822757865,0.0],[-48.488406009268218,-13.143219145070651,0.0],[-48.481006181597188,-13.142360826849391,0.0],[-48.480012249934603,-13.1336524098068,0.0],[-48.475617477014261,-13.136727732323131,0.0],[-48.472936905886989,-13.14321447228963,0.0],[-48.469009138940059,-13.16280690253274,0.0],[-48.472790316021673,-13.16686276419933,0.0],[-48.472370888147012,-13.1735697768618,0.0],[-48.477956539815011,-13.17915425906304,0.0],[-48.475517382685368,-13.19212856285367,0.0],[-48.478121047468242,-13.197379162360621,0.0],[-48.473204608610288,-13.202823676836999,0.0],[-48.472209625519959,-13.211996271400549,0.0],[-48.475734967777719,-13.21664741749375,0.0],[-48.472902729564623,-13.223597495806951,0.0],[-48.475658643312542,-13.23617400101376,0.0],[-48.470848577913237,-13.236569020438459,0.0],[-48.468401626936704,-13.244735220707669,0.0],[-48.457489823643748,-13.249135021886881,0.0],[-48.461120710347643,-13.250024463479869,0.0],[-48.461794083164612,-13.25899343944568,0.0],[-48.456822629005643,-13.26009929981897,0.0],[-48.460180182860867,-13.26225931047861,0.0],[-48.462287994438633,-13.26361265047453,0.0],[-48.460733028183242,-13.280051985669569,0.0],[-48.460623863873529,-13.2812017196774,0.0],[-48.44723979922982,-13.284173459141851,0.0],[-48.442095868026257,-13.292809394989909,0.0],[-48.435601599382991,-13.28930354777664,0.0],[-48.437237717614948,-13.284673218649729,0.0],[-48.431212064773959,-13.28062680896242,0.0],[-48.432926516822313,-13.275812866632389,0.0],[-48.43023646671552,-13.272020893130151,0.0],[-48.417097128151468,-13.275160966791461,0.0],[-48.407622527563987,-13.267860091322049,0.0],[-48.402291908109852,-13.270879305252929,0.0],[-48.391545917117718,-13.268390426222849,0.0],[-48.3888214117421,-13.261521199886319,0.0],[-48.386063890197633,-13.266514314089941,0.0],[-48.379821269190721,-13.25631173250809,0.0],[-48.374460083644337,-13.2563325833151,0.0],[-48.37137585258349,-13.24991558480837,0.0],[-48.363405455640986,-13.247415863301979,0.0],[-48.36154069485778,-13.243645276127239,0.0],[-48.351258880744503,-13.2422986290909,0.0],[-48.346948564973687,-13.248843430493871,0.0],[-48.342152391496903,-13.25013345879818,0.0],[-48.337316759949744,-13.247524003862649,0.0],[-48.344311005571711,-13.242061704622889,0.0],[-48.341073444522131,-13.23727555613897,0.0],[-48.342508991799917,-13.22884046730154,0.0],[-48.330510503760728,-13.23246887541308,0.0],[-48.327167124298107,-13.23257944281267,0.0],[-48.317900043664856,-13.230401117480101,0.0],[-48.317134490797443,-13.234386993095059,0.0],[-48.311505249614548,-13.23552118917473,0.0],[-48.30824798305818,-13.235815091462401,0.0],[-48.307617136368677,-13.23444674648187,0.0],[-48.307762688682139,-13.232872563616921,0.0],[-48.311074123352213,-13.232785885450321,0.0],[-48.307177667272263,-13.228905581405471,0.0],[-48.309370470389787,-13.227360281144369,0.0],[-48.292986884462607,-13.219993037838361,0.0],[-48.293506599979288,-13.21582105000453,0.0],[-48.2891765404,-13.216024399254829,0.0],[-48.288387050435652,-13.20568096497967,0.0],[-48.285420622457629,-13.20633848106168,0.0],[-48.280953872836882,-13.20010759968169,0.0],[-48.276901315893987,-13.199946499933469,0.0],[-48.280422777635323,-13.207092115724731,0.0],[-48.269040384154032,-13.203250169283191,0.0],[-48.265818402125163,-13.2054299236431,0.0],[-48.263119172022222,-13.19767596576332,0.0],[-48.251272895151168,-13.1974315567792,0.0],[-48.250931222294433,-13.197001831345929,0.0],[-48.24326191835987,-13.18785648647364,0.0],[-48.245839166776783,-13.18494394904933,0.0],[-48.239262950588433,-13.180890040547339,0.0],[-48.232263090032482,-13.1686096620006,0.0],[-48.225536348124272,-13.17416196137723,0.0],[-48.217287605029782,-13.169027213981421,0.0],[-48.214472853321041,-13.171955030113249,0.0],[-48.21189477054002,-13.17457117569756,0.0],[-48.196135379718868,-13.17320649007817,0.0],[-48.195014798727577,-13.17025174177641,0.0],[-48.197282031895497,-13.164033338795271,0.0],[-48.186728806838119,-13.157281637980979,0.0],[-48.190984691627698,-13.15491132283922,0.0],[-48.184144322801693,-13.15620691320076,0.0],[-48.17431638260215,-13.148543811968599,0.0],[-48.165329343536101,-13.157797544676651,0.0],[-48.162870687416287,-13.15456418668575,0.0],[-48.158337855815461,-13.15739561846369,0.0],[-48.147033515092097,-13.152452271439831,0.0],[-48.145503501611692,-13.15482396681969,0.0],[-48.155222005938093,-13.165507654347101,0.0],[-48.155928992910141,-13.175347195387261,0.0],[-48.164275250929613,-13.18452698316886,0.0],[-48.164670270740586,-13.18882841398173,0.0],[-48.164610021048667,-13.197523501454629,0.0],[-48.164588919675502,-13.20053769844025,0.0],[-48.163993084837053,-13.20258188752609,0.0],[-48.162240580373172,-13.20858167555819,0.0],[-48.161874465803301,-13.209076403915329,0.0],[-48.153706888637871,-13.220110707422929,0.0],[-48.164105122082447,-13.229955772889509,0.0],[-48.168175484226317,-13.238221120500119,0.0],[-48.169034682373841,-13.244058120701039,0.0],[-48.163304609207778,-13.246082603810629,0.0],[-48.156868423801242,-13.25071961537674,0.0],[-48.154116815497893,-13.27963658064745,0.0],[-48.170190440681381,-13.29979034184576,0.0],[-48.165783734152349,-13.306230420486139,0.0],[-48.161751169498821,-13.30373263069677,0.0],[-48.15792419595811,-13.310971326581489,0.0],[-48.15670054254322,-13.30345792198707,0.0],[-48.151919654305473,-13.30697769483751,0.0],[-48.14296896769757,-13.30515326094668,0.0],[-48.122254209631421,-13.297871865781969,0.0],[-48.118731638010182,-13.29117931004167,0.0],[-48.113532680850717,-13.292471284148521,0.0],[-48.107144799657853,-13.28823181773539,0.0],[-48.097923573531013,-13.29234633306748,0.0],[-48.093648772818867,-13.286741012812451,0.0],[-48.083397249009252,-13.289220792838719,0.0],[-48.078447157145952,-13.2824404629309,0.0],[-48.081226909394793,-13.27980626090808,0.0],[-48.078532977445718,-13.278186531078481,0.0],[-48.077755984273992,-13.26686030877709,0.0],[-48.072678695105452,-13.268057003738759,0.0],[-48.079508152629579,-13.243395067532459,0.0],[-48.076731710483607,-13.23905697728469,0.0],[-48.072208875533548,-13.240862287673499,0.0],[-48.062837616729922,-13.235839489404301,0.0],[-48.05925758425991,-13.241107887139369,0.0],[-48.055368357542328,-13.239399549078509,0.0],[-48.054176137702157,-13.245112110308961,0.0],[-48.056983411492737,-13.248809360700839,0.0],[-48.052381417368757,-13.253198586206469,0.0],[-48.052842822931403,-13.25626222662334,0.0],[-48.033504768647333,-13.254418658905401,0.0],[-48.029363634423881,-13.26484461029859,0.0],[-48.034645101972281,-13.266283496727221,0.0],[-48.033116218956337,-13.27444163915772,0.0],[-48.029477270750867,-13.27191912547638,0.0],[-48.022947207354143,-13.28027784151549,0.0],[-47.999653531753253,-13.275370366858199,0.0],[-47.986531970585503,-13.27876738751049,0.0],[-47.979257756961736,-13.295182575901469,0.0],[-47.978299552513782,-13.296041165941141,0.0],[-47.976908534963741,-13.324557025716761,0.0],[-47.976908534963741,-13.463274658269169,0.0],[-48.029117300184168,-13.55943009065396,0.0],[-48.039991942958856,-13.56283421304606,371.507100000002538],[-48.021596203544171,-14.09374629821985,0.0],[-48.07994430773654,-14.14958014532219,0.0],[-48.077603282941205,-14.155777950483991,532.994152062632566],[-48.057207620776033,-14.179931400764939,0.0],[-47.938398135957847,-14.3826691172704,0.0],[-48.16809609966031,-14.554178999860364,527.509000000005472],[-48.705364648650111,-14.515481270007268,613.352400000003399],[-48.723783775792967,-14.528647750901721,0.0],[-48.899834265338527,-14.63183423008685,0.0],[-49.160841159999961,-14.533037029999946,535.913199999995413],[-49.385766797898199,-14.28853994186624,0.0],[-49.351091767776587,-14.19157299305617,0.0],[-49.350934020004431,-14.191552359160585,0.0],[-49.085802488000354,-14.014917113999926,562.121700000003329],[-49.085288799999944,-14.011897419999968,568.704700000002049],[-49.051361931000358,-13.865723094999883,457.613400000002002],[-49.145127357654289,-13.47068556052303,0.0],[-49.146473970368824,-13.440886233649271,405.2103000000061],[-49.131152811000298,-13.416920902999937,395.582200000004377],[-49.244843124843449,-13.1884881006941,0.0],[-49.198836419999964,-13.102622709999935,0.0],[-49.056187144572178,-12.94249549896784,0.0],[-49.04655167583492,-12.91118022557176,0.0]]]]}},
{"type":"Feature","properties":{"Name":"3","REG":"3"},"geometry":{"type":"MultiPolygon","coordinates":[[[[-48.057207620776033,-14.179931400764939,0.0],[-48.077603284227052,-14.155777949412441,0.0],[-48.07994430773654,-14.14958014532219,0.0],[-48.021596203544171,-14.09374629821985,0.0],[-48.039991942958856,-13.56283421304606,371.507100000002538],[-48.029117300184168,-13.55943009065396,0.0],[-47.976908534963741,-13.463274658269169,0.0],[-47.976908534963741,-13.324557025716761,0.0],[-47.978299552513782,-13.296041165941141,0.0],[-47.972449626499483,-13.30128293685898,0.0],[-47.9713915918691,-13.31196110316025,0.0],[-47.966701816502123,-13.315700600256379,0.0],[-47.956866101288043,-13.30915334379141,0.0],[-47.952497156065341,-13.310604205739789,0.0],[-47.948457361109952,-13.305777781273241,0.0],[-47.944203696192353,-13.307504478958499,0.0],[-47.936259085829889,-13.291164617791519,0.0],[-47.930280959321991,-13.294996064406959,0.0],[-47.925251990530988,-13.29217049652271,0.0],[-47.918725807022867,-13.297873630412751,0.0],[-47.920398334939883,-13.29921391632289,0.0],[-47.916380221643308,-13.298785591557349,0.0],[-47.912359330525319,-13.298356989018391,0.0],[-47.904090618474633,-13.30283372726899,0.0],[-47.902557850729679,-13.312261604892321,0.0],[-47.899226972870743,-13.31291051099927,0.0],[-47.89356048706518,-13.30768492099417,0.0],[-47.889281018719487,-13.318481154553931,0.0],[-47.883957063438203,-13.320951752070631,0.0],[-47.870725764551644,-13.32029373233841,0.0],[-47.867004585281627,-13.315520918411771,0.0],[-47.86172256441229,-13.314824817222579,0.0],[-47.844841230655518,-13.31907824754802,0.0],[-47.824368142899601,-13.312307689336629,0.0],[-47.802167329524728,-13.328440423214801,0.0],[-47.801199557230873,-13.33414520608302,0.0],[-47.679361905015753,-13.468155560628141,0.0],[-47.676206242699337,-13.449672051144301,0.0],[-47.668107473847712,-13.436698335290959,0.0],[-47.6590017675734,-13.43001968612842,0.0],[-47.657698966792118,-13.42863606524827,0.0],[-47.654970828582137,-13.41547483003867,0.0],[-47.644264529299953,-13.404346974293571,0.0],[-47.639314972047039,-13.39149880479377,0.0],[-47.634221566371558,-13.39132548606675,0.0],[-47.627553950682149,-13.38483488628721,0.0],[-47.623107165378862,-13.368105564647969,0.0],[-47.637636249387782,-13.365239377964739,0.0],[-47.650504718697348,-13.35169114411258,0.0],[-47.650109962180643,-13.3430866138709,0.0],[-47.656662764522167,-13.32278833191007,0.0],[-47.65458493517972,-13.316093548547901,0.0],[-47.662584175164803,-13.30429034792358,0.0],[-47.657387144383129,-13.30033199108931,0.0],[-47.659578550530398,-13.29624583159525,0.0],[-47.657194009692567,-13.277342314325031,0.0],[-47.649891397682083,-13.27457064282541,0.0],[-47.640861234300807,-13.26364861637496,0.0],[-47.64847296632901,-13.25103568644653,0.0],[-47.647053751224973,-13.242443103778969,0.0],[-47.657829989911107,-13.235157440065001,0.0],[-47.653999639412028,-13.229472394537391,0.0],[-47.65500268033346,-13.22077646975743,0.0],[-47.66663617182531,-13.219093637989859,0.0],[-47.665417250537011,-13.214479983919141,0.0],[-47.669275067288353,-13.20984548019856,0.0],[-47.662356349738843,-13.207095196434519,0.0],[-47.665802222166072,-13.20424960106612,0.0],[-47.661443531269342,-13.198658724772359,0.0],[-47.666251649621493,-13.197185916807641,0.0],[-47.658280134360297,-13.19288062054915,0.0],[-47.655722550371962,-13.178317147343931,0.0],[-47.670363558177471,-13.168742559311269,0.0],[-47.6619142453644,-13.160453612876919,0.0],[-47.654889974300133,-13.158761951196681,0.0],[-47.65227907718679,-13.15053548689415,0.0],[-47.64488480569468,-13.15030078561826,0.0],[-47.64422506081187,-13.14622880183107,0.0],[-47.649445391161507,-13.13986677619655,0.0],[-47.645949506316597,-13.139160668923671,0.0],[-47.651087338777501,-13.133793653672541,0.0],[-47.645887527719466,-13.12901751034202,0.0],[-47.647051684633588,-13.12104659220808,0.0],[-47.636337346563558,-13.1147501729347,0.0],[-47.6351572978311,-13.104937576701531,0.0],[-47.627994160983832,-13.110902104431659,0.0],[-47.618357895401402,-13.1051484649967,0.0],[-47.593307304032088,-13.117107276752829,0.0],[-47.574252874228407,-13.11871790864482,0.0],[-47.569553364871602,-13.119115427474039,0.0],[-47.56172299639114,-13.125114402165901,0.0],[-47.568859011718857,-13.149961021889361,0.0],[-47.563449882861512,-13.1846713925259,0.0],[-47.54177793744369,-13.19281071055102,0.0],[-47.53344084727626,-13.18425231636342,0.0],[-47.524281823045683,-13.18237704838841,0.0],[-47.510246651136299,-13.190309395769701,0.0],[-47.500972906845227,-13.189601084493461,0.0],[-47.491280250816487,-13.183745499813201,0.0],[-47.479262587231332,-13.185583334250371,0.0],[-47.48817945534384,-13.208562984878309,0.0],[-47.487497541214204,-13.22068838839413,0.0],[-47.466285043031753,-13.22782936161474,0.0],[-47.446817253876617,-13.22352215704662,0.0],[-47.436134893983493,-13.22754306516938,0.0],[-47.43166070013617,-13.238477913076601,0.0],[-47.44777676963232,-13.241043166001541,0.0],[-47.449362628752162,-13.24206872699072,0.0],[-47.454446055176227,-13.24851710994731,0.0],[-47.454945234811269,-13.25030934885166,0.0],[-47.435220850115037,-13.26866793178533,0.0],[-47.438139260429182,-13.2794744215105,0.0],[-47.430645575333067,-13.28911898798688,0.0],[-47.427351364627413,-13.289880950655469,0.0],[-47.425013825488087,-13.288038994871879,0.0],[-47.416527259517139,-13.270771068060061,0.0],[-47.397890298854058,-13.26153825520519,0.0],[-47.392785230738284,-13.26277272841482,0.0],[-47.394134362500317,-13.24641116831152,0.0],[-47.390026788156007,-13.24147863096151,0.0],[-47.384120594925747,-13.2419053206633,0.0],[-47.378109918622009,-13.23105495109141,0.0],[-47.374039579132813,-13.229797173326659,0.0],[-47.371704823638233,-13.229721902155701,0.0],[-47.368413410766607,-13.23657948260324,0.0],[-47.35279823166524,-13.2492774394478,0.0],[-47.338027181000513,-13.246763571580001,0.0],[-47.323366735172797,-13.25874762928702,0.0],[-47.31216266508158,-13.251902872532741,0.0],[-47.294911023524733,-13.249372623399401,0.0],[-47.293939368122309,-13.25697242641497,0.0],[-47.286025366395172,-13.25675300474137,0.0],[-47.290302390936432,-13.262672496200929,0.0],[-47.282525067354968,-13.26535171485931,0.0],[-47.275732147249236,-13.25136298212537,0.0],[-47.267839801420202,-13.24778769268592,0.0],[-47.268222277341792,-13.238818988565979,0.0],[-47.253167886643652,-13.23557316948903,0.0],[-47.248580582943568,-13.23056507710214,0.0],[-47.250998613280373,-13.21243849487244,0.0],[-47.23160636723415,-13.20429347239779,0.0],[-47.229526308327671,-13.19531199793289,0.0],[-47.223886223530499,-13.19383700052701,0.0],[-47.217935316085637,-13.1969753847607,0.0],[-47.212474671445271,-13.19341758763496,0.0],[-47.212222722888647,-13.19325286451385,0.0],[-47.197246957587417,-13.19406903104592,0.0],[-47.183223685020273,-13.18854762949638,0.0],[-47.175607211049012,-13.195579947854799,0.0],[-47.184506812085239,-13.20484029275906,0.0],[-47.184222920448477,-13.205231408777459,0.0],[-47.172855264580591,-13.20689673937874,0.0],[-47.168104379457517,-13.2116737478046,0.0],[-47.162491781871367,-13.20620065368451,0.0],[-47.153420000205841,-13.2104126698952,0.0],[-47.135575833440392,-13.20292542679449,0.0],[-47.135004394193267,-13.190001962409109,0.0],[-47.140740858080243,-13.18802442408577,0.0],[-47.132965718021119,-13.17894352175451,0.0],[-47.118632734645658,-13.178320226921469,0.0],[-47.109333969138923,-13.17148157456257,0.0],[-47.109105106533598,-13.18053666846512,0.0],[-47.105740619517682,-13.1821389177156,0.0],[-47.102936112153436,-13.175065520371421,0.0],[-47.097684083838708,-13.1722293965096,0.0],[-47.094021535420048,-13.17334108608642,0.0],[-47.090358153655529,-13.1744536090086,0.0],[-47.087720643603603,-13.182864814971991,0.0],[-47.080529971794149,-13.178555626458319,0.0],[-47.085185013262468,-13.170980811663661,0.0],[-47.080608545963898,-13.16687828373056,0.0],[-47.081217151151527,-13.162403791292441,0.0],[-47.072772859691703,-13.16093852482255,0.0],[-47.069463907503177,-13.155941539229071,0.0],[-47.062152433788867,-13.161814678163701,0.0],[-47.051689767251311,-13.156351598992909,0.0],[-47.047903885706113,-13.158079961973529,0.0],[-47.042243498150242,-13.149075164572301,0.0],[-47.036295365237869,-13.15130159499537,0.0],[-47.035931739543123,-13.14840601070685,0.0],[-47.023212094787617,-13.142439044386769,0.0],[-47.01976428025273,-13.14622326086247,0.0],[-47.010107460093238,-13.141265739814131,0.0],[-47.005436809758507,-13.13253899760187,0.0],[-47.005773458590269,-13.125562535612961,0.0],[-47.000773376056898,-13.12205001489933,0.0],[-46.992439099105887,-13.124617011812539,0.0],[-46.988777652179003,-13.122788115424919,0.0],[-46.988793504502823,-13.128577619640589,0.0],[-46.979242268591207,-13.13201824049205,0.0],[-46.978955009926253,-13.12203563822133,0.0],[-46.964073934153838,-13.11259058685973,0.0],[-46.954327125431732,-13.11158088449424,0.0],[-46.946708089747013,-13.099738841192,0.0],[-46.929467267904833,-13.09332632832276,0.0],[-46.929267511211883,-13.08352844969334,0.0],[-46.911158874676246,-13.069505027158449,0.0],[-46.902712081983253,-13.067746979526291,0.0],[-46.893293013540472,-13.05366602929357,0.0],[-46.879410579328592,-13.04927630442711,0.0],[-46.880629241598292,-13.05978252079483,0.0],[-46.877048087827554,-13.06239117004661,0.0],[-46.8719613448948,-13.061227562591551,0.0],[-46.871514125046133,-13.06394703663841,0.0],[-46.869212997259183,-13.068960151328341,0.0],[-46.855351405698443,-13.06740684475187,0.0],[-46.854943344177372,-13.06736156776612,0.0],[-46.855352480454783,-13.05609894958542,0.0],[-46.849070431107563,-13.051336141758821,0.0],[-46.847832367470978,-13.05431645431084,0.0],[-46.845270095266009,-13.050135029909841,0.0],[-46.847877896684572,-13.045915255806751,0.0],[-46.840538867985281,-13.03497072030409,0.0],[-46.834615447743943,-13.034218508532559,0.0],[-46.82857586546767,-13.0180978039996,0.0],[-46.819267109904288,-13.014461128171851,0.0],[-46.823513540522121,-13.008570498271069,0.0],[-46.820068473267852,-13.002911838887499,0.0],[-46.750980991851712,-12.969598092828329,0.0],[-46.634232936558313,-12.97042623662662,0.0],[-46.477725141626891,-12.971454503111531,0.0],[-46.455018982887339,-12.97159624049579,0.0],[-46.448231576353237,-12.94414791733802,0.0],[-46.446385692937412,-12.936685066753659,0.0],[-46.437754177762933,-12.935931196176769,0.0],[-46.433065759937392,-12.930489764329311,0.0],[-46.417984652966403,-12.823915354386299,0.0],[-46.411842078802991,-12.82839486457752,0.0],[-46.411459057107621,-12.84096749830606,0.0],[-46.407867056744898,-12.83957943894724,0.0],[-46.407783175354282,-12.842358079608839,0.0],[-46.407713188028247,-12.846724236963,0.0],[-46.405238156545437,-12.84801814696006,0.0],[-46.398421125365559,-12.85157737172028,0.0],[-46.384064523513949,-12.8494168366942,0.0],[-46.376836377891657,-12.85380996038953,0.0],[-46.376644976500963,-12.850697428136,0.0],[-46.374623032882042,-12.860229479219051,0.0],[-46.366561821834047,-12.86529566809463,0.0],[-46.369513292967007,-12.87799051526601,0.0],[-46.364623514610443,-12.88249057748774,0.0],[-46.367579964117091,-12.888262851619411,0.0],[-46.36239184238066,-12.89092845096345,0.0],[-46.368356688370923,-12.903028282649579,0.0],[-46.361066881047137,-12.90927781501618,0.0],[-46.3658983531638,-12.913657568742851,0.0],[-46.364955063888758,-12.931941097491061,0.0],[-46.367120120750762,-12.94010117682803,0.0],[-46.369867390499998,-12.942648695300541,0.0],[-46.372613549119357,-12.945195102648229,0.0],[-46.371896634771417,-12.95798301716269,0.0],[-46.372503870437747,-12.959474975456571,0.0],[-46.376612274646163,-12.963215280083141,0.0],[-46.368624690641163,-12.97295207346499,0.0],[-46.373732580667792,-12.98521357572913,0.0],[-46.364241075764681,-12.991660894657761,0.0],[-46.335925367232832,-12.984218680420041,0.0],[-46.334458948095993,-12.981326154447929,0.0],[-46.311977235482622,-12.981231221867221,0.0],[-46.29065773570462,-12.972913699104369,0.0],[-46.288031590907913,-12.97421566524814,0.0],[-46.280732024881843,-12.96899174349705,0.0],[-46.277535876666903,-12.97181178292746,0.0],[-46.242792564859357,-12.961132886934349,0.0],[-46.238283061672988,-12.96310375474309,0.0],[-46.224058394284853,-12.95739318207594,0.0],[-46.194918528998421,-12.957115489703179,0.0],[-46.188228410665289,-12.950165992118039,0.0],[-46.180263566145442,-12.94779515785299,0.0],[-46.177366277843909,-12.940070084977339,0.0],[-46.161695478643381,-12.93445173964178,0.0],[-46.149408366432013,-12.93746208640934,0.0],[-46.120288744495809,-12.92628066718251,0.0],[-46.114681694441501,-12.91841060077282,0.0],[-46.114241135835833,-12.91946561327511,0.0],[-46.113737829573829,-12.930409619567479,0.0],[-46.12620894195279,-12.961920748630529,0.0],[-46.139258587195528,-12.965884084348041,0.0],[-46.154950237567562,-12.977016654438801,0.0],[-46.166616237253947,-12.976405223704759,0.0],[-46.174482485803651,-12.98400694678193,0.0],[-46.191780254924922,-12.99024057116511,0.0],[-46.197373413108792,-12.997198127581971,0.0],[-46.21008777292279,-13.00031589958653,0.0],[-46.212946435685438,-13.003618147937511,0.0],[-46.220811274255723,-13.00456368953278,0.0],[-46.232666140036763,-12.995942729245559,0.0],[-46.24067126915417,-13.00029830635833,0.0],[-46.245894670003302,-12.99785409803717,0.0],[-46.253662587051117,-13.00650110994783,0.0],[-46.273745960038347,-13.01539669799458,0.0],[-46.275946867461208,-13.02876099861702,0.0],[-46.281734746885633,-13.03452548604948,0.0],[-46.279343889853543,-13.037903028883809,0.0],[-46.281065044727789,-13.043875586453989,0.0],[-46.291665228779983,-13.053756213510059,0.0],[-46.296452553725189,-13.064373254906251,0.0],[-46.301944338256192,-13.076548921573609,0.0],[-46.323032490381117,-13.098725756401731,0.0],[-46.314310730909881,-13.10896755732805,0.0],[-46.309087091311412,-13.12356855990835,0.0],[-46.299103067677919,-13.126384731268329,0.0],[-46.295345808517119,-13.131746743526101,0.0],[-46.292446097602841,-13.148306648379201,0.0],[-46.293992797751379,-13.15180001358272,0.0],[-46.310176663184848,-13.1584228109104,0.0],[-46.304319386179642,-13.1676282032278,0.0],[-46.314842906097638,-13.17852911828709,0.0],[-46.310455911105002,-13.18245417294853,0.0],[-46.303402199166271,-13.182689752758559,0.0],[-46.30117942592635,-13.194048211934071,0.0],[-46.304864795215991,-13.20597804767902,0.0],[-46.31261909274815,-13.21192780818169,0.0],[-46.314566387766,-13.22579572503729,0.0],[-46.321535977794511,-13.239788349772811,0.0],[-46.331510598843991,-13.249979536456779,0.0],[-46.330535039840569,-13.25325457371361,0.0],[-46.298958198928013,-13.2541224586257,0.0],[-46.301842171572083,-13.26715925263912,0.0],[-46.29934662896197,-13.28224802921163,0.0],[-46.316288886882013,-13.30361764410126,0.0],[-46.298175048512853,-13.313999197856219,0.0],[-46.289101032286872,-13.315058403878799,0.0],[-46.288033000620011,-13.327135755541949,0.0],[-46.279757394825531,-13.34834211385788,0.0],[-46.271931718389347,-13.345874056994781,0.0],[-46.265925251128728,-13.348404379953619,0.0],[-46.237979809821148,-13.33666934464329,0.0],[-46.218573634734739,-13.31767726215387,0.0],[-46.205422066002733,-13.32074677966844,0.0],[-46.172672122654639,-13.312717630915531,0.0],[-46.129645320106761,-13.29115198308126,0.0],[-46.123288256934977,-13.28284663791797,0.0],[-46.113002281011937,-13.284725856198969,0.0],[-46.096270062799732,-13.27485691559694,0.0],[-46.06417622305176,-13.26174743280106,0.0],[-46.052064117420031,-13.26609973823288,0.0],[-46.04964993393002,-13.271714526938361,0.0],[-46.042529835418527,-13.273114285906439,0.0],[-46.041802622907298,-13.279386298523139,0.0],[-46.042228190531681,-13.2812177053413,0.0],[-46.04884060029574,-13.30964215009374,0.0],[-46.083778952169787,-13.33082504160161,0.0],[-46.095449683341691,-13.33292891624501,0.0],[-46.112788352476279,-13.359120803328031,0.0],[-46.126810518525033,-13.36492387589945,0.0],[-46.134394829822483,-13.37567118691255,0.0],[-46.155113489040907,-13.38378537370412,0.0],[-46.170780661856362,-13.38440060892531,0.0],[-46.192153214527387,-13.391061722766009,0.0],[-46.214730240183719,-13.40115897970589,0.0],[-46.304861180952855,-13.412458257319573,0.0],[-46.312617306579597,-13.405747599370326,0.0],[-46.326225557314167,-13.40990074376923,0.0],[-46.87796627796746,-13.738549078094531,0.0],[-46.881134928846699,-13.738869826343814,632.925700000004099],[-46.883405148294898,-13.741676939065069,0.0],[-46.883320340193812,-13.744405461359205,614.778950351086678],[-46.870793299735233,-13.762344986664139,0.0],[-47.01063829598894,-14.08864997792284,0.0],[-47.176479815533661,-14.110132492751131,503.031000000002678],[-47.177798469847701,-14.11410681810683,0.0],[-47.187709602759767,-14.12140402585527,0.0],[-47.24780694175071,-14.11963736496037,0.0],[-47.253123797132247,-14.115002470219459,560.286200000002282],[-47.312461516071878,-14.103910174838189,0.0],[-47.453676952840347,-14.122491153360359,0.0],[-47.504774643776322,-14.14385927866085,0.0],[-47.473370136558501,-14.21585412382719,0.0],[-47.466856691240373,-14.58549214563021,0.0],[-47.495610187894435,-14.605815523164893,986.917199999996228],[-47.91568426069383,-14.378878804434409,0.0],[-47.938398135957847,-14.3826691172704,0.0],[-48.057207620776033,-14.179931400764939,0.0]]]]}},
{"type":"Feature","properties":{"Name":"4","REG":"4"},"geometry":{"type":"MultiPolygon","coordinates":[[[[-46.218783386500768,-13.41101740320831,0.0],[-46.243255192009933,-13.43036891707685,0.0],[-46.243624089487369,-13.431364481849499,0.0],[-46.243090768912452,-13.437600381846339,0.0],[-46.226122737391933,-13.43491040713667,0.0],[-46.222868847145399,-13.44881389562609,0.0],[-46.206785616055527,-13.466079126167999,0.0],[-46.210257634103087,-13.473214745142879,0.0],[-46.226147321674688,-13.47737112725927,0.0],[-46.230617401047283,-13.481877548980471,0.0],[-46.227366535467603,-13.48633927235122,0.0],[-46.220725056766263,-13.48818820143727,0.0],[-46.222310390018642,-13.49807746605514,0.0],[-46.218957017743321,-13.500955006592759,0.0],[-46.227170512767771,-13.514014838777729,0.0],[-46.241698539827027,-13.525977695035211,0.0],[-46.23503349452286,-13.541381765158439,0.0],[-46.239057208914971,-13.55502939423627,0.0],[-46.235868857120337,-13.563353935275551,0.0],[-46.22886544269619,-13.56940429812474,0.0],[-46.220953659472549,-13.56871792720702,0.0],[-46.214836639855413,-13.57269826574962,0.0],[-46.184698133261463,-13.568015534883269,0.0],[-46.165146239931232,-13.58491243926499,0.0],[-46.162332887347233,-13.591374459830311,0.0],[-46.188048348494171,-13.61826937979041,0.0],[-46.215137120514378,-13.632436385020069,0.0],[-46.222958654745291,-13.6421334051073,0.0],[-46.224674243205882,-13.644567035981311,0.0],[-46.242883721404148,-13.659083239420401,0.0],[-46.254166463449209,-13.6827284482184,0.0],[-46.261125747226657,-13.68768431056743,0.0],[-46.256344311568888,-13.69433911696941,0.0],[-46.238758802294548,-13.70107090964007,0.0],[-46.236733520743172,-13.70867488371594,0.0],[-46.236339908896291,-13.71015156692577,0.0],[-46.23760910824754,-13.71442799599599,0.0],[-46.239096639115161,-13.71722135345953,0.0],[-46.265280408619041,-13.734454225375879,0.0],[-46.267260736244452,-13.740770950955209,0.0],[-46.255623929730888,-13.74917107516896,0.0],[-46.237537266383463,-13.74527581527567,0.0],[-46.223963264232047,-13.76991694697471,0.0],[-46.229055021451252,-13.77494503809622,0.0],[-46.274122104461668,-13.78764863513028,0.0],[-46.282818928127028,-13.79693481397589,0.0],[-46.262949515273377,-13.809023336160029,0.0],[-46.271653850447812,-13.82165288271897,0.0],[-46.269938018129928,-13.82927296682429,0.0],[-46.250040514869013,-13.83119749547218,0.0],[-46.235697852647213,-13.84451462364796,0.0],[-46.234857023829733,-13.84943245485703,0.0],[-46.235957610513502,-13.853918330876169,0.0],[-46.262534550707343,-13.903059584100641,0.0],[-46.262586491169991,-13.91970170889156,0.0],[-46.26261436130023,-13.92863151354981,0.0],[-46.268503666314722,-13.94420498778485,0.0],[-46.236159107871153,-13.96641587715752,0.0],[-46.221626698941677,-13.973295439764209,0.0],[-46.217085544137753,-13.97972635403573,0.0],[-46.216833876073473,-13.98038163937143,0.0],[-46.21669970866305,-13.980731365626831,0.0],[-46.219236488142741,-14.002928529873611,0.0],[-46.210373339897927,-14.013298387622809,0.0],[-46.213128967787462,-14.02274375338207,0.0],[-46.230295964525688,-14.04646282941563,0.0],[-46.24878404609192,-14.05698343213899,0.0],[-46.243233421879268,-14.06036431837048,0.0],[-46.233126041678773,-14.0569679278673,0.0],[-46.225572644206338,-14.070071698162989,0.0],[-46.24235657797891,-14.093157990627031,0.0],[-46.248119998743533,-14.094321594670509,0.0],[-46.253851169213917,-14.087503172630431,0.0],[-46.266151384902841,-14.098411577125161,0.0],[-46.256537933606062,-14.104516949091581,0.0],[-46.236767380667331,-14.10768538004694,0.0],[-46.217228808681512,-14.120458353056961,0.0],[-46.202561372716701,-14.120075341951649,0.0],[-46.198232167236121,-14.1269751491339,0.0],[-46.197653883311922,-14.143647821792991,0.0],[-46.1860131891317,-14.15230433777041,0.0],[-46.151673276677563,-14.160871483414271,0.0],[-46.134093830177022,-14.15368674561828,0.0],[-46.118506128818737,-14.160821036885,0.0],[-46.114431670639988,-14.173900073307889,0.0],[-46.116418691700737,-14.18765965218776,0.0],[-46.115861186541508,-14.188502718225161,0.0],[-46.102034891256267,-14.1932389236035,0.0],[-46.096593745325229,-14.205937127275661,0.0],[-46.091752564615149,-14.206130756397821,0.0],[-46.077427876812251,-14.195948477213481,0.0],[-46.063864062003859,-14.194007391049061,0.0],[-46.053014776768819,-14.205233375389771,0.0],[-46.053037277353411,-14.20530754274262,0.0],[-46.061395550565052,-14.232968076378761,0.0],[-46.046676767528808,-14.24499158170557,0.0],[-46.029647358962883,-14.246588321208741,0.0],[-46.026255958542031,-14.257418165667019,0.0],[-46.023365091935048,-14.25992570095497,0.0],[-46.02129784309691,-14.260910162347789,0.0],[-46.018710306076009,-14.261080450457619,0.0],[-46.007815687119248,-14.256457939223131,0.0],[-45.996420525658962,-14.25767326725475,0.0],[-45.992173261103588,-14.263247227384429,0.0],[-45.995665034769537,-14.279355992031009,0.0],[-45.976394194098269,-14.27798215304947,0.0],[-45.963636537696573,-14.28635394791357,0.0],[-45.954444041415321,-14.32567799262775,0.0],[-45.946833392930991,-14.330779459121739,0.0],[-45.943341996531707,-14.343142375173921,0.0],[-45.940436129624807,-14.3456349103884,0.0],[-45.930449058736471,-14.3510522213894,0.0],[-45.913952417621033,-14.347648908165461,0.0],[-45.907655958660378,-14.353827603576679,0.0],[-45.907335970381389,-14.358499041400901,0.0],[-45.913196363302113,-14.36697910873192,0.0],[-45.912503327288761,-14.37541975304733,0.0],[-45.922888774548433,-14.38059227133137,0.0],[-45.926473848056901,-14.38664565464876,0.0],[-45.928007844188841,-14.41076422960839,0.0],[-45.935714918612412,-14.415787310727699,0.0],[-45.950306803118409,-14.41729061055668,0.0],[-45.960726156987391,-14.427342900575249,0.0],[-45.967942939365109,-14.43035262933922,0.0],[-45.975406665857278,-14.432253179266979,0.0],[-45.999190892402993,-14.429835019223081,0.0],[-46.008838177505581,-14.40788337389926,0.0],[-46.010287365822833,-14.4080439262372,0.0],[-46.015694695072582,-14.416079823471231,0.0],[-46.017152507058313,-14.419761522821609,0.0],[-46.012402167047917,-14.42170905863191,0.0],[-46.01045354971243,-14.427973017980779,0.0],[-46.001201217636847,-14.434985342813301,0.0],[-46.001895444688572,-14.449203263313411,0.0],[-46.012621732651738,-14.455068009290869,0.0],[-46.016756845374573,-14.469900924358759,0.0],[-46.013630155408798,-14.476161832020731,0.0],[-45.997584408004833,-14.487914228045749,0.0],[-45.99403549559112,-14.49584154300468,0.0],[-45.994539966028697,-14.50109270591612,0.0],[-46.001728972665653,-14.50477744142878,0.0],[-45.999233955504508,-14.510168338082631,0.0],[-46.004636278061852,-14.51626810418434,0.0],[-46.000043732310118,-14.52220095786932,0.0],[-45.981308212481913,-14.53084499804095,0.0],[-45.977451519713732,-14.53929065261754,0.0],[-45.980094084216141,-14.546592662462089,0.0],[-45.993451765419508,-14.54285202367319,0.0],[-45.995649576455591,-14.54320424204845,0.0],[-45.989511736194864,-14.550750172923101,0.0],[-45.994256539802542,-14.55419630304319,0.0],[-45.989953431493447,-14.55697523476395,0.0],[-45.991482923809393,-14.56414919145038,0.0],[-45.996170500802251,-14.56659420044339,0.0],[-45.988098721602597,-14.56800063097106,0.0],[-45.985675374394937,-14.574000144639649,0.0],[-45.989731878033467,-14.589576678145979,0.0],[-46.001397092568823,-14.60205204310822,0.0],[-45.985203036606237,-14.621262015463129,0.0],[-45.985839177432787,-14.626965682337939,0.0],[-45.995600754121583,-14.63967272258343,0.0],[-45.989366797824431,-14.646192809975631,0.0],[-45.990119912667659,-14.65963933274203,0.0],[-46.000665641475962,-14.665092963226909,0.0],[-46.007617405071663,-14.663887093964259,0.0],[-46.008674621334592,-14.657948419027161,0.0],[-46.012927198952873,-14.662307893181779,0.0],[-46.021435942270983,-14.66461122085172,0.0],[-46.025035442640799,-14.665585940676999,0.0],[-46.022898210272139,-14.67141350703055,0.0],[-46.026257729039983,-14.678466067028671,0.0],[-46.028977227376551,-14.682431931254101,0.0],[-46.023131067991358,-14.69265816592001,0.0],[-46.006866698466688,-14.702100817149249,0.0],[-46.006413100632628,-14.70761170785279,0.0],[-46.002915006559121,-14.71106064363507,0.0],[-46.002711401916159,-14.713674004132219,0.0],[-46.00641318047159,-14.72971415386646,0.0],[-46.007337089873857,-14.73166444822073,0.0],[-46.012541062894051,-14.7339619536478,0.0],[-46.007952136757822,-14.742148163318911,0.0],[-46.008286660464492,-14.76268864772746,0.0],[-46.013004257069042,-14.770372598114189,0.0],[-46.009647557507357,-14.77478932095878,0.0],[-46.00842705263095,-14.793649237985081,0.0],[-46.018219454456059,-14.803799306827329,0.0],[-46.020887574864332,-14.81093936974076,0.0],[-46.023699309899023,-14.81846610270591,0.0],[-46.038567319824033,-14.82272414998911,0.0],[-46.053195621634998,-14.831820857956229,0.0],[-46.051592285750573,-14.83752536545167,0.0],[-46.045673038298403,-14.839018178712131,0.0],[-46.033253204490208,-14.85802702436067,0.0],[-46.037784164178419,-14.874534119499421,0.0],[-46.042820638586903,-14.87784941325134,0.0],[-46.053115540590213,-14.8859852928843,0.0],[-46.062709373770957,-14.90844159675633,0.0],[-46.067672230400817,-14.91022715305829,0.0],[-46.079891557521023,-14.905446229249851,0.0],[-46.084857278146288,-14.93070396592814,0.0],[-46.088510409484869,-14.93684429270542,0.0],[-46.1067198460225,-14.93812007553384,0.0],[-46.110762124697622,-14.937466999361019,0.0],[-46.120341648307253,-14.92107096806701,0.0],[-46.132702108765798,-14.921827043812289,0.0],[-46.139119728342827,-14.928947092976109,0.0],[-46.146117322880883,-14.92696677098497,0.0],[-46.159838586881428,-14.91425937351835,0.0],[-46.161790809446522,-14.90662595678126,0.0],[-46.166782834858303,-14.908901240050699,0.0],[-46.162170624438623,-14.93035091576041,0.0],[-46.176847019572939,-14.949502167797389,0.0],[-46.20617768000934,-14.937615002021641,0.0],[-46.211673314718809,-14.937417203113309,0.0],[-46.21609562540371,-14.943976975631051,0.0],[-46.224839634755561,-14.942183038291359,0.0],[-46.23407191666108,-14.9219789148727,0.0],[-46.247757674048103,-14.922798597637859,0.0],[-46.258583966484629,-14.929332792000229,0.0],[-46.287214379474847,-14.92859740704413,0.0],[-46.292538599926772,-14.92222593585165,0.0],[-46.295040254398792,-14.90906523989694,0.0],[-46.306483486843121,-14.91200439610247,0.0],[-46.315849971248419,-14.90104369826293,0.0],[-46.319706137738521,-14.900891183306319,0.0],[-46.318297730350828,-14.8863235424461,0.0],[-46.316704082370357,-14.88258489946011,0.0],[-46.309260902048052,-14.87801821296318,0.0],[-46.30084265277938,-14.858529713681509,0.0],[-46.314843120460438,-14.854935462392509,0.0],[-46.319182324512923,-14.84797259979673,0.0],[-46.325287414026349,-14.84823869238172,0.0],[-46.320631193292478,-14.83675859351807,0.0],[-46.322570030718538,-14.815031146780109,0.0],[-46.334676866731591,-14.81334164346142,0.0],[-46.336764917396692,-14.80373181766471,0.0],[-46.356049608405051,-14.79472666062769,0.0],[-46.366153092262181,-14.795856636980121,0.0],[-46.368319491380838,-14.79007073815821,0.0],[-46.377353222178627,-14.787013731811321,0.0],[-46.404901580827413,-14.76078170695992,0.0],[-46.429558577000293,-14.75328682440848,0.0],[-46.430879702949369,-14.75211458587528,0.0],[-46.447732651633913,-14.732127105161711,0.0],[-46.462335916689241,-14.731662050077979,0.0],[-46.469215101259167,-14.70927374645234,0.0],[-46.47527545339733,-14.7056334112923,0.0],[-46.490386522673873,-14.710448407414709,0.0],[-46.502546401082178,-14.705085256187999,0.0],[-46.504319769824441,-14.707772499205131,0.0],[-46.510090162832277,-14.71651645572765,0.0],[-46.507879633974312,-14.732594402065329,0.0],[-46.510652196361278,-14.73871084256907,0.0],[-46.522766563032583,-14.745549757958001,0.0],[-46.537487339840162,-14.747906397237379,0.0],[-46.544563573468743,-14.75346365049896,0.0],[-46.543600561314882,-14.769124365855109,0.0],[-46.566264564579249,-14.786823908369399,0.0],[-46.563791241765543,-14.799422653773849,0.0],[-46.558041466262893,-14.807524699025411,0.0],[-46.559452902759247,-14.81493393468164,0.0],[-46.56008292402209,-14.81824313215605,0.0],[-46.559175422983358,-14.82152539026406,0.0],[-46.540095445418693,-14.827038289416761,0.0],[-46.533475916913531,-14.83018778831174,0.0],[-46.521931384531392,-14.851625820088641,0.0],[-46.530795799303107,-14.88416055783828,0.0],[-46.54271601709258,-14.896478138832199,0.0],[-46.546907853210037,-14.92589452795219,0.0],[-46.540354756721307,-14.94040358408143,0.0],[-46.541209534526693,-14.952053696894909,0.0],[-46.532796658725189,-14.95841073404592,0.0],[-46.534102522260831,-14.961459370872889,0.0],[-46.521379584227681,-14.967844201219901,0.0],[-46.517660384104303,-14.973315935330501,0.0],[-46.517130410466208,-14.98246880592645,0.0],[-46.527677808054513,-14.98860382979643,0.0],[-46.531182644736383,-15.00572982084943,0.0],[-46.521043362958558,-15.0141913294338,0.0],[-46.520435878148838,-15.020621673177891,0.0],[-46.512234406828853,-15.03032957620484,0.0],[-46.502977134226597,-15.05270733089284,0.0],[-46.514811227141912,-15.06147376494061,0.0],[-46.524426071031563,-15.056810351412629,0.0],[-46.5264963787941,-15.056819510858309,0.0],[-46.532370074970061,-15.05684560148212,0.0],[-46.544952790182222,-15.0657223116515,0.0],[-46.551691771305073,-15.0643272740088,0.0],[-46.561366657557052,-15.07077091472453,0.0],[-46.576998321371882,-15.083824044159419,0.0],[-46.58837819964581,-15.08157453715924,0.0],[-46.600681735886951,-15.08826344861753,0.0],[-46.610988259421383,-15.08446087449747,0.0],[-46.625815994297767,-15.089966987473529,0.0],[-46.643155679308769,-15.087343011172919,0.0],[-46.656778911330569,-15.081957909671569,0.0],[-46.680409449804337,-15.060551225595161,0.0],[-46.700575826879323,-15.05389664399395,0.0],[-46.727106156468118,-15.03976946610956,0.0],[-46.753632903039993,-15.03319680731139,0.0],[-46.7822313202579,-15.019774351410581,0.0],[-46.823228267157347,-15.01118578825583,0.0],[-46.857272921847297,-15.01071594084458,0.0],[-46.864544453276231,-15.02083601474143,0.0],[-46.872871993916647,-15.025333788696139,0.0],[-46.958804689999965,-14.918580599999927,534.60899999999674],[-47.252936088327417,-14.62135890486919,0.0],[-47.298192944874202,-14.658469292879159,0.0],[-47.298666313257129,-14.658524557897831,474.018100000121763],[-47.304140808847393,-14.653091208731841,0.0],[-47.423620196216213,-14.667309086952461,0.0],[-47.495610187894435,-14.605815523164893,986.917199999996228],[-47.466856691240373,-14.58549214563021,0.0],[-47.473370136558501,-14.21585412382719,0.0],[-47.504774643776322,-14.14385927866085,0.0],[-47.453676952840347,-14.122491153360359,0.0],[-47.312461516071878,-14.103910174838189,0.0],[-47.253123797132247,-14.115002470219459,560.286200000002282],[-47.24780694175071,-14.11963736496037,0.0],[-47.187709602759767,-14.12140402585527,0.0],[-47.177798469847701,-14.11410681810683,0.0],[-47.176479815533661,-14.110132492751131,503.031000000002678],[-47.01063829598894,-14.08864997792284,0.0],[-46.870793299735233,-13.762344986664139,0.0],[-46.883320340193812,-13.744405461359205,614.778950351086678],[-46.883405148294898,-13.741676939065069,0.0],[-46.881134928846699,-13.738869826343814,632.925700000004099],[-46.87796627796746,-13.738549078094531,0.0],[-46.326225557314167,-13.40990074376923,0.0],[-46.312617306579597,-13.405747599370326,0.0],[-46.304861180952855,-13.412458257319573,0.0],[-46.214730240183719,-13.40115897970589,0.0],[-46.218783386500768,-13.41101740320831,0.0]]]]}},
{"type":"Feature","properties":{"Name":"5","REG":"5"},"geometry":{"type":"MultiPolygon","coordinates":[[[[-49.992141874580881,-15.239159688481886,0.0],[-50.003272494193254,-15.216958098432764,720.887400000006892],[-50.01184312284942,-15.214995045597441,0.0],[-50.057872814725208,-15.26260612566038,0.0],[-50.045415548850848,-15.27192388273791,0.0],[-50.363115272756382,-15.448345147254159,380.272200000006706],[-50.500775618597991,-15.303881486538589,0.0],[-50.506575781334988,-15.246458065929771,0.0],[-50.60191782855302,-15.23470133075552,0.0],[-50.729090193018479,-15.38343674574396,0.0],[-50.74458691219229,-15.423764062099281,0.0],[-50.743767048628257,-15.432469269982334,342.0818],[-51.118766000695857,-15.2432475182957,0.0],[-51.16268244722486,-15.23847399149907,0.0],[-51.166352615750156,-15.248352302305319,266.330100000006496],[-51.561488237593238,-15.109377102406819,0.0],[-51.553148066305553,-15.10633362901766,0.0],[-51.53636547525668,-15.070129767240729,0.0],[-51.522645804056332,-15.05887138843952,0.0],[-51.512783158516257,-15.055078337637759,0.0],[-51.47815048760139,-15.05716265529972,0.0],[-51.460420200454969,-15.04410399805688,0.0],[-51.452815061039843,-15.034493387605099,0.0],[-51.442091570070353,-15.030552560835419,0.0],[-51.428740198063167,-15.009676040270261,0.0],[-51.42656433126907,-15.008511871719,0.0],[-51.398760889624498,-15.003919993182681,0.0],[-51.377205920246972,-15.013307379968911,0.0],[-51.357669508722971,-15.002926252332429,0.0],[-51.349447405872837,-14.990633120202279,0.0],[-51.338198855878858,-14.97381190414935,0.0],[-51.323484210156948,-14.97220333487968,0.0],[-51.302326767201563,-14.98697298970168,0.0],[-51.298450752674697,-15.023649437944959,0.0],[-51.29089653084062,-15.03477178669865,0.0],[-51.272307687391979,-15.038252443793979,0.0],[-51.243005344600583,-15.035841423306991,0.0],[-51.19906130503761,-15.00532826650818,0.0],[-51.150615018114827,-14.9834652021768,0.0],[-51.146366050409647,-14.97789878024464,0.0],[-51.147308490931472,-14.95995778478955,0.0],[-51.133664907635477,-14.942821851598289,0.0],[-51.130555966829498,-14.94017406216015,0.0],[-51.085431942450363,-14.91738347533067,0.0],[-51.084483594360549,-14.916846807486991,0.0],[-51.083406872755823,-14.906672554658639,0.0],[-51.091943873363142,-14.892291005995441,0.0],[-51.091503236070373,-14.873245283088821,0.0],[-51.087280361660497,-14.86307187532802,0.0],[-51.090224759920183,-14.841603617999089,0.0],[-51.068776296789537,-14.810744812992279,0.0],[-51.046498166241108,-14.796480047230821,0.0],[-51.04454118428454,-14.793577806479229,0.0],[-51.042862239262533,-14.78502829213317,0.0],[-51.053271170850621,-14.76077914816401,0.0],[-51.054362798109189,-14.747104022132341,0.0],[-51.049696302445533,-14.73575227159802,0.0],[-51.040136140811647,-14.72698945124233,0.0],[-51.037226068159633,-14.71835827389506,0.0],[-51.02760617428001,-14.707238210357399,0.0],[-51.026913073532967,-14.698076742158021,0.0],[-51.03197057193146,-14.680519344149159,0.0],[-51.026945448856132,-14.666163956609751,0.0],[-51.019416998889199,-14.66194950237942,0.0],[-50.992179227908281,-14.61423000895296,0.0],[-50.997580832760491,-14.57989273639549,0.0],[-50.96327517307369,-14.52750516947231,0.0],[-50.973328537865662,-14.501046838799439,0.0],[-50.968618682321598,-14.48274363561168,0.0],[-50.976195390844858,-14.46745819232874,0.0],[-50.987447446769991,-14.457550839639,0.0],[-50.986992365381766,-14.43797510923658,0.0],[-50.999472460959147,-14.41967239858179,0.0],[-50.995327629797401,-14.405645898236941,0.0],[-50.989010566063079,-14.396437227005149,0.0],[-50.988023582129742,-14.38955689068387,0.0],[-50.990250455071667,-14.36314192169049,0.0],[-50.980971688183381,-14.35465493422185,0.0],[-50.969691460759343,-14.334363124897481,0.0],[-50.976379761087543,-14.3023597553267,0.0],[-50.975664709497437,-14.291294102102141,0.0],[-50.961690755122611,-14.24978710945715,0.0],[-50.937442507651987,-14.21083462064087,0.0],[-50.926598374013402,-14.18417330590554,0.0],[-50.913744539440273,-14.170223780507399,0.0],[-50.91075025678014,-14.149962773264621,0.0],[-50.919024999998037,-14.12623752737051,0.0],[-50.917885499242573,-14.11525632016304,0.0],[-50.914215160546092,-14.11202185930386,0.0],[-50.905192268701413,-14.113602461473491,0.0],[-50.894008002850718,-14.12683428881212,0.0],[-50.891867977786447,-14.127742638075439,0.0],[-50.86944822875364,-14.12607214729625,0.0],[-50.842466682658618,-14.105822614007669,0.0],[-50.83404845694416,-14.090285001848599,0.0],[-50.832188092951391,-14.07382124666143,0.0],[-50.852269306610722,-14.02956938121671,0.0],[-50.849631943961128,-14.001205241669791,0.0],[-50.865982085322621,-13.98065610653032,0.0],[-50.86313085008976,-13.95736451399612,0.0],[-50.846103900539973,-13.94210610055188,0.0],[-50.8416923998562,-13.927714317158969,0.0],[-50.846076537331903,-13.903958527764971,0.0],[-50.841617816298793,-13.89020091685174,0.0],[-50.841430286369459,-13.88273640436832,0.0],[-50.841827998296708,-13.863359557911419,0.0],[-50.843459109521078,-13.85747533134089,0.0],[-50.857132253517243,-13.83198532647347,0.0],[-50.853913804181019,-13.8119676532139,0.0],[-50.856940730797568,-13.79606749602887,0.0],[-50.854211696796057,-13.766212785596069,0.0],[-50.871529051042202,-13.739239698567451,0.0],[-50.872190150187024,-13.73352881019461,0.0],[-50.864475006447762,-13.722173176498231,0.0],[-50.860806058526727,-13.71934010748293,0.0],[-50.848011426393853,-13.714473717957061,0.0],[-50.839127412809148,-13.71265178744669,0.0],[-50.823359984606462,-13.71366129585595,0.0],[-50.804358540198088,-13.69140226663038,0.0],[-50.788310395292598,-13.648839427382139,0.0],[-50.781746035908711,-13.61955556698439,0.0],[-50.768884118858487,-13.597482350475021,0.0],[-50.7638504787462,-13.53045007712349,0.0],[-50.745465987560387,-13.50802659747967,0.0],[-50.71557719985929,-13.4921298842492,0.0],[-50.697356345725687,-13.47637202120427,0.0],[-50.683838552851988,-13.444527324767011,0.0],[-50.665855251335977,-13.442719035456239,0.0],[-50.664141554042587,-13.42479498446705,0.0],[-50.669542370616178,-13.399652786108989,0.0],[-50.666047798349247,-13.37657258143587,0.0],[-50.646757766549257,-13.361611117113529,0.0],[-50.63934455758821,-13.346048773644879,0.0],[-50.625880177023227,-13.33605389528485,0.0],[-50.403094117888429,-13.85141441762077,0.0],[-50.328445212893044,-13.890580108623098,282.144700000004377],[-50.328444891421896,-13.890580276511367,0.0],[-50.325506519071794,-13.901084017647198,0.0],[-50.321802665444864,-13.924629169194645,0.0],[-50.321896526374921,-13.924945944625865,300.33520000000135],[-49.923522727491743,-14.28917785642253,0.0],[-49.7089487160696,-14.436743137385269,0.0],[-49.708358856863534,-14.43643971275675,0.0],[-49.706949219670683,-14.43721725073217,0.0],[-49.706994173391799,-14.437776209064181,0.0],[-49.758004278012649,-14.71822656982526,0.0],[-49.761222163083247,-14.71765685713687,0.0],[-49.794362284050997,-14.73143373885731,0.0],[-49.915162015233783,-14.9006205668143,0.0],[-49.79986284042581,-15.15540701922159,0.0],[-49.797591240704179,-15.161593769099239,0.0],[-49.82109343917066,-15.177355149434829,0.0],[-49.992141874580881,-15.239159688481886,0.0]]]]}},
{"type":"Feature","properties":{"Name":"6","REG":"6"},"geometry":{"type":"MultiPolygon","coordinates":[[[[-49.631299987883047,-15.764858417374249,0.0],[-49.588128573136999,-15.64494748997148,0.0],[-49.672241968900401,-15.51351768524472,0.0],[-49.623114546619973,-15.42229229943433,0.0],[-49.699465828484648,-15.35703840723415,0.0],[-49.758159660480132,-15.340465329617549,0.0],[-49.767285153979657,-15.33510324046558,662.784400000004098],[-49.835841324400548,-15.34013209308714,0.0],[-49.975625515634647,-15.29709164191228,0.0],[-49.992141874580881,-15.239159688481886,0.0],[-49.82109343917066,-15.177355149434829,0.0],[-49.797591240704179,-15.161593769099239,0.0],[-49.79986284042581,-15.15540701922159,0.0],[-49.915162015233783,-14.9006205668143,0.0],[-49.794362284050997,-14.73143373885731,0.0],[-49.761222163083247,-14.71765685713687,0.0],[-49.758004278012649,-14.71822656982525,0.0],[-49.706994173391799,-14.437776209064181,0.0],[-49.467358489747802,-14.454701928144759,0.0],[-49.385766797898199,-14.28853994186624,0.0],[-49.160841159999961,-14.533037029999946,535.913199999995413],[-48.899834265338527,-14.63183423008685,0.0],[-48.723783775792967,-14.528647750901721,0.0],[-48.705364648650111,-14.515481270007268,613.352400000003399],[-48.16809609966031,-14.554178999860364,527.509000000005472],[-48.730668011367342,-15.154666586513271,0.0],[-48.699795070000896,-15.208290289999816,678.53190000000177],[-48.752423703070043,-15.274731290100471,0.0],[-48.64645534103775,-15.357571591048711,0.0],[-48.573552210031579,-15.390717690388049,0.0],[-48.618061737725426,-15.48580020647683,0.0],[-48.655510082546442,-15.523041518275679,0.0],[-48.626020379999943,-15.577915509999968,687.534799999993993],[-48.988476192708809,-15.69413639577653,0.0],[-49.044973196727753,-15.68067913893595,0.0],[-49.30141913167251,-15.78370816181404,0.0],[-49.474159908240139,-15.80932692994817,0.0],[-49.631299987883047,-15.764858417374249,0.0]]]]}},
{"type":"Feature","properties":{"Name":"7","REG":"7"},"geometry":{"type":"MultiPolygon","coordinates":[[[[-48.626020379999943,-15.577915509999968,687.534799999993993],[-48.655510082546442,-15.523041518275679,0.0],[-48.618061737725426,-15.48580020647683,0.0],[-48.573552210031579,-15.390717690388049,0.0],[-48.64645534103775,-15.357571591048711,0.0],[-48.752423703070043,-15.274731290100471,0.0],[-48.699795070000896,-15.208290289999816,678.53190000000177],[-48.730668011367342,-15.154666586513271,0.0],[-48.16809609966031,-14.554178999860364,527.509000000005472],[-47.938398135957847,-14.3826691172704,0.0],[-47.91568426069383,-14.378878804434409,0.0],[-47.495610187894435,-14.605815523164893,986.917199999996228],[-47.423620196216213,-14.667309086952461,0.0],[-47.304140808847393,-14.653091208731841,0.0],[-47.298666313257129,-14.658524557897831,474.018100000121763],[-47.298192944874202,-14.658469292879159,0.0],[-47.252936088327417,-14.62135890486919,0.0],[-46.958804689999965,-14.918580599999927,534.60899999999674],[-46.872871993916647,-15.025333788696139,0.0],[-46.919130904359172,-15.050318610931869,0.0],[-46.923045145131738,-15.055061699165639,0.0],[-46.925097966358948,-15.0587656171336,0.0],[-46.925531586646812,-15.05954756771523,0.0],[-46.926411931608662,-15.0740135399591,0.0],[-46.910407589203317,-15.088397627068881,0.0],[-46.899402730011062,-15.09402272151118,0.0],[-46.896703563269853,-15.1042781095863,0.0],[-46.889523211754138,-15.112088211857319,0.0],[-46.891636603591778,-15.119522721721371,0.0],[-46.896643662098988,-15.1306369795448,0.0],[-46.913215664037821,-15.156224671121899,0.0],[-46.920970305203547,-15.17866708535739,0.0],[-46.937722592488072,-15.20547145416055,0.0],[-46.933854273935992,-15.22393831526758,0.0],[-46.941302460041122,-15.230088348576359,0.0],[-46.92803014422369,-15.25554697839784,0.0],[-46.913204899507043,-15.247307506852399,0.0],[-46.90742950383428,-15.23818882739733,0.0],[-46.89759046594439,-15.2362360659194,0.0],[-46.892582614358602,-15.235776357212041,0.0],[-46.891815106684973,-15.236659701945049,0.0],[-46.889694140985448,-15.282697104009729,0.0],[-46.874282264396143,-15.285813023370901,0.0],[-46.874176152164587,-15.285919413682009,0.0],[-46.837280207483857,-15.32304907628831,0.0],[-46.836802707755801,-15.324913540671719,0.0],[-46.848317403645012,-15.34719149433962,0.0],[-46.861332329590063,-15.351413710648,0.0],[-46.869854992795453,-15.36192739343044,0.0],[-46.85109697191993,-15.368973641236909,0.0],[-46.849853082979998,-15.37361535768196,0.0],[-46.866719208785227,-15.38645653279851,0.0],[-46.885580064334412,-15.39380181365309,0.0],[-46.897402213492441,-15.402731024296919,0.0],[-46.913366930595359,-15.413808296240219,0.0],[-46.930844519512753,-15.443542410495869,0.0],[-46.93280498110213,-15.483624459146,0.0],[-46.944590009289129,-15.5186397555415,0.0],[-46.949473277276738,-15.555050368035969,0.0],[-46.943967408303777,-15.56620882959704,0.0],[-46.919902151949728,-15.58926636344896,0.0],[-46.897432956404792,-15.59363537729077,0.0],[-46.884376439031193,-15.608877517330299,0.0],[-46.88246336028525,-15.60999753521468,0.0],[-46.879117764166601,-15.61195478870019,0.0],[-46.877895526092487,-15.61240646423917,0.0],[-46.85516828682487,-15.62080774037093,0.0],[-46.855057461850983,-15.62334720981193,0.0],[-46.858987302490561,-15.639078458713399,0.0],[-46.85332670815032,-15.649994418545649,0.0],[-46.85320367348131,-15.65576086367547,0.0],[-46.855978819215203,-15.68262333539735,0.0],[-46.842828479797909,-15.71512397587006,0.0],[-46.827841933712918,-15.73010695388826,0.0],[-46.827845344302993,-15.74963936470656,0.0],[-46.813524176913518,-15.787657562543631,0.0],[-46.82388969542226,-15.81058274501741,0.0],[-46.821377463795187,-15.817349486251169,0.0],[-46.82359697106957,-15.82508816365352,0.0],[-46.805877964522459,-15.859849397866149,0.0],[-46.807789712172813,-15.873229797301599,0.0],[-46.808343068955239,-15.877102332499859,0.0],[-46.811618149171053,-15.885338788387269,0.0],[-46.812537609613983,-15.88601712480683,0.0],[-46.813213176926268,-15.8865160159677,0.0],[-46.825242516074269,-15.886173189892769,0.0],[-46.957424823252978,-15.91646992952804,0.0],[-47.053166846383192,-15.93836922315846,0.0],[-47.080903438162871,-15.95856875576456,0.0],[-47.087391598121592,-15.96130209066841,0.0],[-47.095170587998773,-15.95858703540806,0.0],[-47.10166679456669,-15.95907951557245,0.0],[-47.108693555130671,-15.95729641648405,0.0],[-47.126441258932992,-15.94453733897719,0.0],[-47.134946961425143,-15.950643198378909,0.0],[-47.131896019932462,-15.934699169062259,0.0],[-47.135724386166707,-15.92920382445698,0.0],[-47.13624216839402,-15.928460482084351,0.0],[-47.142331139301341,-15.92709100161923,0.0],[-47.139622229554803,-15.931579665733979,0.0],[-47.142810348518367,-15.93594052859912,0.0],[-47.146183717447293,-15.93274076315468,0.0],[-47.151554916716542,-15.935457713218121,0.0],[-47.149312406250182,-15.94085610644813,0.0],[-47.151803271226939,-15.939824420549121,0.0],[-47.152982747327748,-15.943469728597799,0.0],[-47.157730307459083,-15.94146024708569,0.0],[-47.16089008117072,-15.942966638388951,0.0],[-47.15891589870477,-15.946083064412729,0.0],[-47.162945671744218,-15.944323865772351,0.0],[-47.169911368143353,-15.954416713318141,0.0],[-47.16683772157571,-15.95657452325305,0.0],[-47.170710563915883,-15.95877952959775,0.0],[-47.170623063721102,-15.959042587987611,0.0],[-47.16652551971351,-15.96272541630789,0.0],[-47.169076676307803,-15.96490792742857,0.0],[-47.16650747645911,-15.96583377928944,0.0],[-47.16940057975247,-15.967357671735201,0.0],[-47.167279165005723,-15.968503246215819,0.0],[-47.170633678501112,-15.97365800478703,0.0],[-47.178635198940569,-15.97775301344881,0.0],[-47.181515213841998,-15.971205718058361,0.0],[-47.187313632732391,-15.97176097917086,0.0],[-47.183273042712223,-15.977592716587861,0.0],[-47.187125048842432,-15.97915938356507,0.0],[-47.185633654021018,-15.98298831450383,0.0],[-47.189560097578763,-15.982556906641991,0.0],[-47.195640737790967,-15.98188937726453,0.0],[-47.198404967658689,-15.987691088595151,0.0],[-47.208178164513079,-15.98791633147431,0.0],[-47.208142926390963,-15.99782781464341,0.0],[-47.212259101041013,-15.99891725382248,0.0],[-47.21151383104727,-16.003477022169509,0.0],[-47.217172253921269,-16.005515908945402,0.0],[-47.219908441589631,-16.014698207935581,0.0],[-47.22202596156189,-16.012126231042771,0.0],[-47.228724129907278,-16.016215133295258,0.0],[-47.228778840179707,-16.013078158879541,0.0],[-47.23416281904175,-16.016197056910681,0.0],[-47.238931489620093,-16.013980073322791,0.0],[-47.254455902168452,-16.019647012524409,0.0],[-47.262039323762757,-16.014580546784039,0.0],[-47.27761898177188,-16.01211907535799,0.0],[-47.276913949315507,-16.00661874812576,0.0],[-47.281420703141812,-16.01215822794714,0.0],[-47.288126068876409,-16.01013068324934,0.0],[-47.289225276779369,-16.016397960672499,0.0],[-47.290107503190747,-16.01431488202827,0.0],[-47.297223721331598,-16.015534033187141,0.0],[-47.297165955860002,-16.01876489734121,0.0],[-47.300879337336319,-16.01750626018702,0.0],[-47.299786581066357,-16.026648295358068,0.0],[-47.310526483270067,-16.033024425946859,0.0],[-47.309432592429879,-16.03639835093075,0.0],[-47.319503295429357,-16.037141652942449,0.0],[-47.317806862347069,-16.032262446570972,0.0],[-47.321499411804389,-16.03140547995736,0.0],[-47.322220791724668,-16.026661265652109,0.0],[-47.324378334077103,-16.02946656176076,0.0],[-47.328782278977791,-16.027715972874049,0.0],[-47.335610112265023,-16.017305015043348,0.0],[-47.339911849314333,-16.019449463406261,0.0],[-47.337727067384279,-16.01246968345389,0.0],[-47.34514050405879,-16.011754926262562,0.0],[-47.34817024819467,-16.00646708692366,0.0],[-47.36022765014205,-16.008179279473762,0.0],[-47.364442126583903,-16.001200308531331,0.0],[-47.369028863790852,-16.002389746779691,0.0],[-47.368943552829847,-15.994527450504069,0.0],[-47.371806651460624,-15.9950357777594,0.0],[-47.376226682422917,-15.98707624120534,0.0],[-47.371891039560523,-15.980868143380031,0.0],[-47.377274164009918,-15.97884865937063,0.0],[-47.373979624972577,-15.967165505739651,0.0],[-47.377121320949378,-15.96329990165937,0.0],[-47.372610137427621,-15.961373789432139,0.0],[-47.37388514028428,-15.95757485972975,0.0],[-47.370643700208802,-15.956398471997479,0.0],[-47.367558618326129,-15.94709311777075,0.0],[-47.3679180444568,-15.94129945040004,0.0],[-47.372890598304338,-15.937011890925911,0.0],[-47.363611008449134,-15.933915785628789,0.0],[-47.363864888172323,-15.93075158800527,0.0],[-47.361164855169143,-15.932151611503789,0.0],[-47.362138432014483,-15.920230105892029,0.0],[-47.36606182623121,-15.921393157626129,0.0],[-47.367942951103231,-15.918133952934649,0.0],[-47.364054526977831,-15.90944332966782,0.0],[-47.373088536055178,-15.90717605176939,0.0],[-47.37155737652057,-15.900612939750159,0.0],[-47.376081316148273,-15.897138723022019,0.0],[-47.376497377521879,-15.88333442380374,0.0],[-47.379611024838603,-15.881260781253079,0.0],[-47.375449298015987,-15.881115240034219,0.0],[-47.370951422237702,-15.87277462228557,0.0],[-47.370054991596533,-15.86559483527069,0.0],[-47.373142252385172,-15.864198143693409,0.0],[-47.367448518454879,-15.85393251210391,0.0],[-47.370614933209119,-15.8490957875497,0.0],[-47.369787113824863,-15.84169544257232,0.0],[-47.366996218095252,-15.83610956666069,0.0],[-47.364973971075912,-15.837141806310081,0.0],[-47.366334234168441,-15.82863977591899,0.0],[-47.36183555280634,-15.82718033452878,0.0],[-47.36044717508647,-15.82107389279096,0.0],[-47.3588071624769,-15.823780869150919,0.0],[-47.354248759518548,-15.822691431493091,0.0],[-47.35274619781503,-15.81267300849866,0.0],[-47.347416104207099,-15.808357154127799,0.0],[-47.348970554421918,-15.80424516470457,0.0],[-47.33911204325458,-15.795084836739059,0.0],[-47.334635811520727,-15.78095916342445,0.0],[-47.33022546642939,-15.77991722559263,0.0],[-47.330559337648637,-15.774303004169591,0.0],[-47.327252334780248,-15.77153271238272,0.0],[-47.329118457901011,-15.76785211474726,0.0],[-47.320366902047517,-15.75742288141522,0.0],[-47.322332473686913,-15.754401734128759,0.0],[-47.318979650394454,-15.755026474862371,0.0],[-47.317054587783822,-15.74624389827844,0.0],[-47.314534279663192,-15.74768447700998,0.0],[-47.31330311447703,-15.738545505509901,0.0],[-47.319222623162247,-15.73339793424338,0.0],[-47.317180633086728,-15.729283735937511,0.0],[-47.32025230975664,-15.72075392080078,0.0],[-47.312749372289922,-15.707620212269831,0.0],[-47.313088215843237,-15.694997312614319,0.0],[-47.320138842368223,-15.68745610314077,0.0],[-47.32838840851911,-15.688369414442819,0.0],[-47.331920934308798,-15.6821348972535,0.0],[-47.327361392531927,-15.67405511479916,0.0],[-47.329580243014817,-15.65636771519682,0.0],[-47.326976010921051,-15.64926182358548,0.0],[-47.333505473973197,-15.63036578517767,0.0],[-47.32286241766348,-15.59841801876428,0.0],[-47.316251475755713,-15.594874398204229,0.0],[-47.317729251568402,-15.58901628102592,0.0],[-47.322087360432143,-15.586722909563701,0.0],[-47.327419113861183,-15.58938124861683,0.0],[-47.344737666246267,-15.58211555926678,0.0],[-47.374616133850971,-15.578281800709229,0.0],[-47.379918969255939,-15.57367729252468,0.0],[-47.380835903775733,-15.56783723320576,0.0],[-47.390002701587633,-15.56787636628642,0.0],[-47.405199502683587,-15.546896942461901,0.0],[-47.418112188610202,-15.547280509447489,0.0],[-47.417728666872897,-15.500763398579259,0.0],[-47.496341177291093,-15.500748663613111,0.0],[-47.56239461874349,-15.50080925322759,0.0],[-47.662396875181777,-15.50086360557486,0.0],[-47.772433715775549,-15.50087180846011,0.0],[-48.036524119974899,-15.500668323434439,0.0],[-48.053618805705312,-15.500644370529789,0.0],[-48.200929771513231,-15.500619097599721,0.0],[-48.200769548060158,-15.514830898475889,0.0],[-48.20072795927986,-15.586844811035199,0.0],[-48.274559780577277,-15.591557480479709,0.0],[-48.626020379999943,-15.577915509999968,687.534799999993993]]]]}},
{"type":"Feature","properties":{"Name":"8","REG":"8"},"geometry":{"type":"MultiPolygon","coordinates":[[[[-51.776369935869873,-15.667139449616631,0.0],[-51.76844957957293,-15.654928612241321,0.0],[-51.763374752845237,-15.646078001749871,0.0],[-51.756730133876687,-15.62561674315551,0.0],[-51.754090035406563,-15.61061968160395,0.0],[-51.77631927470177,-15.558728595542419,0.0],[-51.777814497594882,-15.541097328199109,0.0],[-51.776699192465927,-15.53809675148768,0.0],[-51.774568321462773,-15.5358156293845,0.0],[-51.762257588215952,-15.53209481317905,0.0],[-51.75246283265367,-15.55471254502238,0.0],[-51.74251382342598,-15.557227328230621,0.0],[-51.728210275616398,-15.551045110076309,0.0],[-51.726403273668531,-15.54306643802402,0.0],[-51.7364558241959,-15.523676788113381,0.0],[-51.735870208798183,-15.511311684799439,0.0],[-51.726371715044642,-15.50291637288691,0.0],[-51.705078910320843,-15.497140852211331,0.0],[-51.700402698402911,-15.487819124264719,0.0],[-51.700307684336288,-15.484771042992231,0.0],[-51.699978191057113,-15.47418262030059,0.0],[-51.708818512787552,-15.45691910419835,0.0],[-51.693287655335062,-15.433693133036179,0.0],[-51.691928998210322,-15.426976969670241,0.0],[-51.698350990624,-15.41822853599899,0.0],[-51.698036231651827,-15.41043235923317,0.0],[-51.671787392890757,-15.37217157815962,0.0],[-51.674042918583972,-15.35787033521358,0.0],[-51.686650814498947,-15.346361297917889,0.0],[-51.688706798681928,-15.309299582020831,0.0],[-51.67920326476893,-15.291100295698829,0.0],[-51.663515522385403,-15.282453615704419,0.0],[-51.647343028961068,-15.26838855739482,0.0],[-51.647955229299193,-15.26114321468174,0.0],[-51.658376738077081,-15.256939248913501,0.0],[-51.668427939613743,-15.246789122158949,0.0],[-51.663027510403907,-15.22732091947816,0.0],[-51.653312299406977,-15.207154949578539,0.0],[-51.652500789471233,-15.180317498331661,0.0],[-51.629270980548988,-15.166050520293251,0.0],[-51.607567630439611,-15.163946697138069,0.0],[-51.598649702105291,-15.155886939500711,0.0],[-51.574436712044417,-15.114102225676239,0.0],[-51.561488237593238,-15.109377102406819,0.0],[-51.166352615750156,-15.248352302305319,266.330100000006496],[-51.16268244722486,-15.23847399149907,0.0],[-51.118766000695857,-15.2432475182957,0.0],[-50.743767048628257,-15.432469269982334,342.0818],[-50.74458691219229,-15.423764062099281,0.0],[-50.729090193018479,-15.38343674574396,0.0],[-50.60191782855302,-15.23470133075552,0.0],[-50.506575781334988,-15.246458065929771,0.0],[-50.500775618597991,-15.303881486538589,0.0],[-50.363115272756382,-15.448345147254159,380.272200000006706],[-50.045415548850848,-15.27192388273791,0.0],[-50.057872814725208,-15.26260612566038,0.0],[-50.01184312284942,-15.214995045597441,0.0],[-50.003272494193254,-15.216958098432764,720.887400000006892],[-49.992141874580881,-15.239159688481886,0.0],[-49.975625515634647,-15.29709164191228,0.0],[-49.835841324400548,-15.34013209308714,0.0],[-49.767285153979657,-15.33510324046558,662.784400000004098],[-49.758159660480132,-15.340465329617549,0.0],[-49.699465828484648,-15.35703840723415,0.0],[-49.623114546619973,-15.42229229943433,0.0],[-49.672241968900401,-15.51351768524472,0.0],[-49.588128573136999,-15.64494748997148,0.0],[-49.631299987883047,-15.764858417374249,0.0],[-49.633522353957503,-15.76764845569036,0.0],[-49.781791537120732,-15.99437166871132,0.0],[-49.808990391141791,-16.025526176499383,715.422999999995227],[-49.810359145879161,-16.027727350452349,0.0],[-49.82906140574773,-16.021323634652319,736.864700000005541],[-49.946561290941411,-16.072121149664358,0.0],[-50.033894344635847,-16.003603007948499,0.0],[-50.039698536390809,-16.00599276433757,0.0],[-50.484039897034627,-15.968056400831051,0.0],[-50.6094376953777,-15.817026186541881,0.0],[-50.613300894644617,-15.81680499513144,0.0],[-50.837448699313377,-15.861644046436259,0.0],[-50.861230582016411,-15.861924671338141,0.0],[-50.864283980252793,-15.86441383613394,0.0],[-50.86929195539161,-15.867921062370931,0.0],[-51.063921469999968,-15.884597139999984,333.709600000001956],[-51.068518163159673,-15.881372137651949,0.0],[-51.145013930081447,-15.88853242784743,0.0],[-51.198420745566587,-15.94017428781539,0.0],[-51.776369935869873,-15.667139449616631,0.0]]]]}},
{"type":"Feature","properties":{"Name":"9","REG":"9"},"geometry":{"type":"MultiPolygon","coordinates":[[[[-52.628550077412832,-16.524384638029911,0.0],[-52.629723829851173,-16.518773310260801,0.0],[-52.630171889230482,-16.518338027067141,0.0],[-52.635635547081762,-16.513055183451922,0.0],[-52.637971366302658,-16.50335787320239,0.0],[-52.632985456656563,-16.50083454081263,0.0],[-52.621083650100147,-16.504044895193921,0.0],[-52.613004927270509,-16.50256936219424,0.0],[-52.607387018743857,-16.489954006677628,0.0],[-52.606428077267289,-16.48118171780278,0.0],[-52.606680568228811,-16.47848752833201,0.0],[-52.613720622935467,-16.47044604462139,0.0],[-52.604805760479742,-16.46510270610316,0.0],[-52.61289583627741,-16.458685953252971,0.0],[-52.621146251438439,-16.46530124930965,0.0],[-52.621810113393927,-16.457517017028049,0.0],[-52.61655834709606,-16.450634483819009,0.0],[-52.638975245044222,-16.43752622723008,0.0],[-52.645555280973817,-16.426674167271759,0.0],[-52.641531574327473,-16.41716938540959,0.0],[-52.643861586418538,-16.413184065569538,0.0],[-52.650920826179231,-16.409117058343021,0.0],[-52.677055626232431,-16.412752254560601,0.0],[-52.688807650177729,-16.396744575574822,0.0],[-52.687944838120252,-16.39167009384872,0.0],[-52.679687209422141,-16.386915923817892,0.0],[-52.679469703780747,-16.386295641954899,0.0],[-52.67841828247461,-16.38216477972853,0.0],[-52.69339424914731,-16.368781552689889,0.0],[-52.690139432538722,-16.35728758475884,0.0],[-52.693613340598077,-16.351590024038138,0.0],[-52.682721220430068,-16.343976675245639,0.0],[-52.686115918576789,-16.328955428349921,0.0],[-52.68208638827808,-16.321530940875199,0.0],[-52.687336153174122,-16.3159261511537,0.0],[-52.682003253753713,-16.304316079710009,0.0],[-52.677337074891909,-16.30270858637595,0.0],[-52.674060884469348,-16.294556867516651,0.0],[-52.657471439747439,-16.28060960216742,0.0],[-52.652503320973459,-16.280876291911529,0.0],[-52.648192454203247,-16.28585468375692,0.0],[-52.637900923619533,-16.284036101229059,0.0],[-52.623918537073102,-16.287821468574659,0.0],[-52.61116830386996,-16.272801678091032,0.0],[-52.59063580278859,-16.270066742199049,0.0],[-52.587122969172633,-16.267796460735291,0.0],[-52.581330878567208,-16.252034690248141,0.0],[-52.57683442391879,-16.25039636246407,0.0],[-52.562748753356047,-16.265495988882481,0.0],[-52.555480606017049,-16.266083524190449,0.0],[-52.550928037816753,-16.26407380473524,0.0],[-52.547716596666319,-16.261733799176209,0.0],[-52.546751849443183,-16.258963502899661,0.0],[-52.56914619378616,-16.233771259422031,0.0],[-52.569707578266907,-16.231166791419589,0.0],[-52.567118352548647,-16.22550481172285,0.0],[-52.552687058335621,-16.226473768976749,0.0],[-52.546108349894737,-16.223831552785828,0.0],[-52.550656588858317,-16.189595976825299,0.0],[-52.544030354141917,-16.181210380538641,0.0],[-52.549026182384537,-16.16556023191821,0.0],[-52.52750197410564,-16.156657471232041,0.0],[-52.525943272868517,-16.14100040529134,0.0],[-52.517409249412871,-16.135690675193981,0.0],[-52.513943642953983,-16.134374567748971,0.0],[-52.501131015506672,-16.143141915077209,0.0],[-52.495457317519261,-16.14020024796956,0.0],[-52.48889108088521,-16.131190479322541,0.0],[-52.47189973087081,-16.127162183694821,0.0],[-52.458830397655959,-16.12794002221472,0.0],[-52.437912548103903,-16.110549410963099,0.0],[-52.39825056883852,-16.093887494269079,0.0],[-52.375524739183817,-16.098837351450051,0.0],[-52.370897720268381,-16.095642344350519,0.0],[-52.367993190395211,-16.084912545859151,0.0],[-52.361291982514061,-16.082783667204829,0.0],[-52.360600028078508,-16.082564223819681,0.0],[-52.35066685112556,-16.08438844665438,0.0],[-52.33158071807442,-16.0729045421518,0.0],[-52.328167045331313,-16.069037579947199,0.0],[-52.325135256943888,-16.050451883611242,0.0],[-52.321473520992377,-16.045578525185341,0.0],[-52.32377212874006,-16.038028453367229,0.0],[-52.315827537587452,-16.028262294397472,0.0],[-52.31088793870947,-16.007842146018518,0.0],[-52.297490491681913,-15.996472662724839,0.0],[-52.290543131907512,-15.985805103032529,0.0],[-52.289474978069528,-15.966606059550649,0.0],[-52.265715972798688,-15.947421831411869,0.0],[-52.264552582233378,-15.937824256560409,0.0],[-52.258663595070807,-15.93293312899903,0.0],[-52.2518825680907,-15.90889406824879,0.0],[-52.253045292081843,-15.8931042100479,0.0],[-52.236184500350561,-15.88941535940095,0.0],[-52.210778338481219,-15.890154358240149,0.0],[-52.20757412694563,-15.8894629766845,0.0],[-52.193381413539932,-15.88304270339596,0.0],[-52.12893840257739,-15.895399458339201,0.0],[-52.10917142337771,-15.883033324640341,0.0],[-52.097716855400918,-15.88910036646171,0.0],[-52.092214534979703,-15.883090338686941,0.0],[-52.081830224493977,-15.88128786594514,0.0],[-52.058515225453647,-15.887858849226539,0.0],[-52.008448727376432,-15.885923481417199,0.0],[-51.99675685349051,-15.873527314025351,0.0],[-51.98368683358229,-15.844427123064181,0.0],[-51.973098612543822,-15.838296003456479,0.0],[-51.960209564926522,-15.84070413153534,0.0],[-51.954543645978028,-15.838107466040951,0.0],[-51.956230264614852,-15.821888156229409,0.0],[-51.94981652550107,-15.811750596974459,0.0],[-51.94724204404654,-15.81100643447418,0.0],[-51.912434377724878,-15.814015767388121,0.0],[-51.892673079166492,-15.830730710358729,0.0],[-51.888976089011493,-15.831397397614859,0.0],[-51.880013169389848,-15.8258379426477,0.0],[-51.874639386260718,-15.80235193312279,0.0],[-51.858718277702003,-15.787061312909071,0.0],[-51.847660559292009,-15.77010038099321,0.0],[-51.830006589338147,-15.740618814017781,0.0],[-51.827375708293317,-15.73756435431963,0.0],[-51.804183955012043,-15.72374210834653,0.0],[-51.803931113487643,-15.70963060091667,0.0],[-51.776369935869873,-15.667139449616631,0.0],[-51.453294301436763,-15.819702943654489,0.0],[-51.198420745566587,-15.94017428781539,0.0],[-51.22576201420182,-15.98016228409119,0.0],[-51.175355703572272,-16.05506764938152,0.0],[-51.013055792410533,-16.14671936391991,0.0],[-50.963187354633547,-16.177381814967038,0.0],[-50.961732920687027,-16.178299227148699,0.0],[-50.961255568007132,-16.17861248984488,0.0],[-50.961196582007098,-16.17888347285308,0.0],[-51.113456261783398,-16.427263226574141,0.0],[-51.112572538363182,-16.436280869694301,0.0],[-51.111073589849823,-16.438022479524129,0.0],[-51.109501867877313,-16.433331589503819,577.926851812744417],[-51.107425123451549,-16.433368823403889,0.0],[-51.09190848821941,-16.460795051378991,0.0],[-51.070904970304362,-16.514258551526378,0.0],[-51.032716755913363,-16.58777086422905,0.0],[-51.024124407675387,-16.69851668596295,0.0],[-51.010281179958653,-16.815468092535379,0.0],[-51.057141910351483,-16.860240128769789,850.250400000004447],[-51.123013752063272,-16.904276545174209,0.0],[-51.171788820683958,-16.966213140248101,0.0],[-51.246886942211049,-17.04982754359785,0.0],[-51.166885277510985,-17.269538572191202,869.535499999998137],[-51.436504770298377,-17.280452555748859,0.0],[-51.643088423384761,-17.283904805813453,1003.169800000003306],[-51.888996335762762,-17.22679345909248,0.0],[-51.916537162904099,-17.274447367956011,0.0],[-52.100549347242747,-17.386143479850279,0.0],[-52.31387392723984,-17.340647254267189,0.0],[-52.478718955235742,-17.251938384435,0.0],[-52.384341504208052,-17.102231440218659,0.0],[-52.369475699843584,-17.098326400243131,0.0],[-52.414908462826027,-16.981587083683671,0.0],[-52.440685507537552,-16.925736820142081,0.0],[-52.349749822027519,-16.699382146269201,0.0],[-52.351208390299782,-16.691313255449622,0.0],[-52.504228232030208,-16.67368110097398,0.0],[-52.49075838186252,-16.6117750275146,0.0],[-52.538016266581657,-16.534443950344489,0.0],[-52.628550077412832,-16.524384638029911,0.0]]]]}},
{"type":"Feature","properties":{"Name":"10","REG":"10"},"geometry":{"type":"MultiPolygon","coordinates":[[[[-51.175355703572272,-16.05506764938152,0.0],[-51.22576201420182,-15.98016228409119,0.0],[-51.198420745566587,-15.94017428781539,0.0],[-51.145013930081447,-15.88853242784743,0.0],[-51.068518163159673,-15.881372137651949,0.0],[-51.063921469999968,-15.884597139999984,333.709600000001956],[-50.86929195539161,-15.867921062370931,0.0],[-50.864283980252793,-15.86441383613394,0.0],[-50.861230582016411,-15.861924671338141,0.0],[-50.837448699313377,-15.861644046436259,0.0],[-50.613300894644617,-15.81680499513144,0.0],[-50.6094376953777,-15.817026186541881,0.0],[-50.484039897034627,-15.968056400831051,0.0],[-50.039698536390809,-16.00599276433757,0.0],[-50.033894344635847,-16.003603007948492,0.0],[-49.946561290941411,-16.072121149664358,0.0],[-49.82906140574773,-16.021323634652319,736.864700000005541],[-49.810359145879161,-16.027727350452349,0.0],[-49.952874808052059,-16.400315231643798,0.0],[-49.910273729003563,-16.427648677104749,0.0],[-49.951591671841427,-16.464354101491061,0.0],[-49.951890678988377,-16.464539301988001,0.0],[-49.952068333910347,-16.464339254623848,709.060400049071177],[-49.959549744563972,-16.465826133515439,0.0],[-50.299409409083417,-16.575361463324228,689.571800000005169],[-50.374322800532148,-16.65502910458051,0.0],[-50.35679663058086,-16.733100225272619,0.0],[-50.409566239368658,-16.820960684090281,0.0],[-50.456500061361091,-16.831913655235031,0.0],[-50.453497497424742,-16.901440721624962,0.0],[-50.485938549951157,-16.909044984853761,0.0],[-50.479215936349263,-16.947664970842659,0.0],[-50.530770491485598,-16.969389643122039,0.0],[-50.51883219159491,-16.990450579690009,0.0],[-50.570358243592992,-17.062551660783619,0.0],[-50.843745953372228,-17.03951321207596,0.0],[-51.054629346447527,-16.864952846667137,0.0],[-51.056717564030215,-16.861032197189601,0.0],[-51.057141910351483,-16.860240128769789,850.250400000004447],[-51.010281179958653,-16.815468092535379,0.0],[-51.024124407675387,-16.69851668596295,0.0],[-51.032716755913363,-16.58777086422905,0.0],[-51.070904970304362,-16.514258551526378,0.0],[-51.09190848821941,-16.460795051378991,0.0],[-51.107425123451549,-16.433368823403889,0.0],[-51.109501867877313,-16.433331589503819,577.926851812744417],[-51.111073589849823,-16.438022479524129,0.0],[-51.112572538363182,-16.436280869694301,0.0],[-51.113456261783398,-16.427263226574141,0.0],[-50.961196582007098,-16.17888347285308,0.0],[-50.961255568007132,-16.17861248984488,0.0],[-50.961732920687027,-16.178299227148699,0.0],[-50.963187354633547,-16.177381814967038,0.0],[-51.013055792410533,-16.14671936391991,0.0],[-51.175355703572272,-16.05506764938152,0.0]]]]}},
{"type":"Feature","properties":{"Name":"11","REG":"11"},"geometry":{"type":"MultiPolygon","coordinates":[[[[-49.810359145879161,-16.027727350452349,0.0],[-49.808990391141791,-16.025526176499383,715.422999999995227],[-49.781791537120732,-15.99437166871132,0.0],[-49.633522353957503,-15.76764845569036,0.0],[-49.631299987883047,-15.764858417374249,0.0],[-49.474159908240139,-15.80932692994817,0.0],[-49.30141913167251,-15.78370816181404,0.0],[-49.23767349957236,-15.892755604730086,729.673299999994924],[-49.227498982253948,-16.02906659535951,0.0],[-49.325036862469247,-16.08554934518633,0.0],[-49.325142111030907,-16.098281825093189,0.0],[-49.257933275955587,-16.187013733510739,0.0],[-49.302003767543724,-16.265142477654251,0.0],[-49.302003680606774,-16.265142884876205,873.231599999999162],[-49.293575816228433,-16.304536154356601,0.0],[-49.26279224411531,-16.339011179026272,810.168600000004517],[-49.267853659128697,-16.3464787752843,0.0],[-49.21964307200551,-16.406327598458329,823.848299999997835],[-49.26515024849072,-16.616183742462979,0.0],[-49.219573609999941,-16.65820003999994,0.0],[-49.23099273000004,-16.709869039999919,0.0],[-49.243679269999973,-16.834415499999977,795.617499999993015],[-49.25510950189755,-16.895936773712219,0.0],[-49.250818379988509,-16.934166768901829,0.0],[-49.253549093930623,-16.943139114711631,0.0],[-49.238794194888989,-16.959449982986811,0.0],[-49.233913828444628,-16.966213481257387,0.0],[-49.233555579999972,-16.967025859999978,0.0],[-49.232083163223727,-16.96915276339092,0.0],[-49.242504417270183,-17.01834462504074,0.0],[-49.294380542150073,-17.017838484693019,0.0],[-49.423044813824973,-16.957430800426138,0.0],[-49.424639315813828,-16.948238912703872,0.0],[-49.448439253469459,-16.942962230459141,0.0],[-49.454655442348212,-16.916390444786106,859.466799999994691],[-49.617907487869829,-16.884404059686599,0.0],[-49.715477789097896,-16.760428728339093,628.781199999997625],[-49.684309882026334,-16.590674236397923,656.779299999994691],[-49.783360507044407,-16.610458073680441,0.0],[-49.883370939064193,-16.595775228423321,0.0],[-49.891255205786649,-16.590187168068244,659.809299999993527],[-49.941081798878599,-16.56671853356973,0.0],[-49.970200872831043,-16.569246776315378,744.157999613002175],[-50.149250807581041,-16.526968742369579,0.0],[-49.959549744563972,-16.465826133515439,0.0],[-49.952068333910347,-16.464339254623848,709.060400049071177],[-49.951890678988377,-16.464539301988001,0.0],[-49.951591671841435,-16.464354101491065,707.803100000004633],[-49.910273729003563,-16.427648677104749,0.0],[-49.952874808052059,-16.400315231643798,0.0],[-49.810359145879161,-16.027727350452349,0.0]]]]}},
{"type":"Feature","properties":{"Name":"12","REG":"12"},"geometry":{"type":"MultiPolygon","coordinates":[[[[-49.30141913167251,-15.78370816181404,0.0],[-49.044973196727753,-15.68067913893595,0.0],[-48.988476192708809,-15.69413639577653,0.0],[-48.626020379999943,-15.577915509999968,687.534799999993993],[-48.274559780577277,-15.591557480479709,0.0],[-48.20072795927986,-15.586844811035199,0.0],[-48.200707476985258,-15.62231135182008,0.0],[-48.219353020515769,-15.623081566505091,0.0],[-48.233374673223622,-15.63959027924532,0.0],[-48.236811746255341,-15.659513508181879,0.0],[-48.241193299229259,-15.68490817341425,0.0],[-48.241210334888109,-15.70743421707834,0.0],[-48.233124397933821,-15.70997704926773,0.0],[-48.218511130455212,-15.70848320184122,0.0],[-48.20787880006754,-15.718793060698131,0.0],[-48.206458040210869,-15.741901615228221,0.0],[-48.212350959225553,-15.75625839349145,0.0],[-48.213929608187001,-15.760105367823501,0.0],[-48.238658114050253,-15.78518106300667,0.0],[-48.242370723112018,-15.79913590104788,0.0],[-48.246537163685943,-15.79741003575278,0.0],[-48.26830501080773,-15.807351711880431,0.0],[-48.281373317969667,-15.82392626053255,0.0],[-48.283255035831282,-15.82997964293425,0.0],[-48.2874854287438,-15.843588364299389,0.0],[-48.27848542862543,-15.874560908595569,0.0],[-48.272852320810408,-15.88118043608536,0.0],[-48.277598820912623,-15.892004684985819,0.0],[-48.274819343461601,-15.893506098473541,0.0],[-48.277739439016862,-15.906775932569531,0.0],[-48.271020199739247,-15.912154063817219,0.0],[-48.273680275338769,-15.92143886190382,0.0],[-48.277351722757267,-15.923093307566569,0.0],[-48.277154252439487,-15.930995326007389,0.0],[-48.268597474692228,-15.933308435922729,0.0],[-48.262241534476843,-15.929098143566801,0.0],[-48.261573749664691,-15.929677040391089,0.0],[-48.2528836581183,-15.937210476996491,0.0],[-48.252898682795028,-15.94316219877906,0.0],[-48.252927896757598,-15.954560915418931,0.0],[-48.261490293122698,-15.96753794708204,0.0],[-48.260636436193771,-15.978215271461449,0.0],[-48.265261293907358,-15.99525485575716,0.0],[-48.273242851791593,-16.008928284721861,0.0],[-48.272017918181902,-16.029160420927141,0.0],[-48.279145879757642,-16.049275301357032,0.0],[-48.27951450737676,-16.052004214014811,0.0],[-48.087071234702357,-16.05221357178068,0.0],[-48.0348043832226,-16.05207793902893,0.0],[-48.02154197302,-16.05204187876971,0.0],[-47.939590254824097,-16.05179913699218,0.0],[-47.814902093996409,-16.05148655850391,0.0],[-47.68386300506436,-16.051080391344598,0.0],[-47.617906231485719,-16.051110922307402,0.0],[-47.309191259505027,-16.050985156527531,0.0],[-47.306199850010579,-16.056455497452191,0.0],[-47.304774015302151,-16.061133602690209,0.0],[-47.31613920544941,-16.067783899994151,0.0],[-47.311934982926047,-16.068872537439141,0.0],[-47.308602461240667,-16.075270110635358,0.0],[-47.308585255192163,-16.079291259820881,0.0],[-47.317041213050643,-16.080083179461582,0.0],[-47.311549199373559,-16.08241905584142,0.0],[-47.311723393742689,-16.08858716901549,0.0],[-47.322713838401491,-16.090847703931729,0.0],[-47.323733555492673,-16.08601487660793,0.0],[-47.32451467638586,-16.085667370341,0.0],[-47.329684216296549,-16.09088517764604,0.0],[-47.33351480819843,-16.086339842303978,0.0],[-47.33752573057307,-16.094050177554951,0.0],[-47.331952320222413,-16.094759650006189,0.0],[-47.334298757127158,-16.098271896416449,0.0],[-47.332253211770819,-16.10793116208481,0.0],[-47.339348619466172,-16.11480897760935,0.0],[-47.336940272628262,-16.119942090813058,0.0],[-47.341865908156826,-16.122220704554572,0.0],[-47.33814143784263,-16.128938282179501,0.0],[-47.352450268387457,-16.13241353788947,0.0],[-47.347903849608343,-16.141015303068659,0.0],[-47.350753921548801,-16.148582863453662,0.0],[-47.341335730813462,-16.14855401042562,0.0],[-47.349005314020857,-16.155558769224019,0.0],[-47.340806592888917,-16.15739854024897,0.0],[-47.34539168792616,-16.164521645308831,0.0],[-47.341061902463991,-16.16424415932104,0.0],[-47.332335976652487,-16.1721939899458,0.0],[-47.331783223223617,-16.180040454867331,0.0],[-47.340891432781227,-16.18571130659079,0.0],[-47.331166567007642,-16.184729390285678,0.0],[-47.330341880856061,-16.196362280766358,0.0],[-47.336701162170428,-16.2020434208859,0.0],[-47.325618804050563,-16.20765101631277,0.0],[-47.323903510000918,-16.209674653072518,0.0],[-47.324114624417618,-16.209741597334439,0.0],[-47.329416929648119,-16.21142020383181,0.0],[-47.330570849039717,-16.21480134231523,0.0],[-47.322841363710992,-16.231772087301401,0.0],[-47.329315974593882,-16.249563340733019,0.0],[-47.334211875776496,-16.248979705244071,0.0],[-47.335284152896158,-16.258531179751628,0.0],[-47.345424329158398,-16.26595982147969,0.0],[-47.351236395267058,-16.275198219094079,0.0],[-47.348040012397377,-16.287713904485269,0.0],[-47.356584050897041,-16.294224765845719,0.0],[-47.353352113365609,-16.307060732089759,0.0],[-47.358485817145393,-16.311634921759062,0.0],[-47.36665407439655,-16.33195369162377,0.0],[-47.371686932000102,-16.33378313367481,0.0],[-47.378798201547347,-16.34732823289735,0.0],[-47.403997850488928,-16.37628229463251,0.0],[-47.41828502247786,-16.38170367854795,0.0],[-47.419702860775161,-16.391315429473341,0.0],[-47.427555764962193,-16.394615985237891,0.0],[-47.424007489868181,-16.420672353391549,0.0],[-47.432221302349461,-16.440597507133081,0.0],[-47.429901835216221,-16.443116150794101,0.0],[-47.445835987273107,-16.45137366542286,0.0],[-47.448314136300517,-16.465155450759319,0.0],[-47.454451182194951,-16.46835517873544,0.0],[-47.456533238621368,-16.487861185451699,0.0],[-47.453368484846479,-16.491141783944261,0.0],[-47.458251088899317,-16.499217673242711,0.0],[-47.458963613702217,-16.502676313722329,0.0],[-47.459330848706671,-16.504458273295761,0.0],[-47.457611952060752,-16.508461372824019,0.0],[-47.448034909781903,-16.517821219691889,0.0],[-47.445727427741943,-16.529910230033281,0.0],[-47.442505158229878,-16.52965690701247,0.0],[-47.444792739924097,-16.541222283282139,0.0],[-47.430925876058637,-16.54163345275866,0.0],[-47.434418997282009,-16.545311250978379,0.0],[-47.429418124019087,-16.55283550724403,0.0],[-47.426755568724673,-16.548795480176029,0.0],[-47.420947166645341,-16.552249146239991,0.0],[-47.413894549897968,-16.54857719540739,0.0],[-47.406261694568087,-16.556146462473091,0.0],[-47.406079473851861,-16.557120916693719,0.0],[-47.412750688451851,-16.558947296306609,0.0],[-47.413420158402651,-16.562703995252551,0.0],[-47.40964065385662,-16.561321775061529,0.0],[-47.412755718226322,-16.565965694845879,0.0],[-47.409546788846598,-16.567282108602679,0.0],[-47.41325465810597,-16.576315789044159,0.0],[-47.401226692498348,-16.572738025401261,0.0],[-47.394395491140003,-16.57458945839905,0.0],[-47.396808328400873,-16.580453670059839,0.0],[-47.387279618013586,-16.58931934554175,0.0],[-47.387332910452109,-16.579485920613479,0.0],[-47.38692957077086,-16.57935480987236,0.0],[-47.376899987925903,-16.580690139564211,0.0],[-47.374881960843503,-16.594253329141232,0.0],[-47.376555063477163,-16.599688650831329,0.0],[-47.367359383681773,-16.60154592656616,0.0],[-47.365053767993842,-16.5951755986686,0.0],[-47.356108339991003,-16.590057530773532,0.0],[-47.35116717376021,-16.59380841845077,0.0],[-47.343236225704374,-16.593635392527879,0.0],[-47.34333319262651,-16.598611827316521,0.0],[-47.33734060571097,-16.598429349229381,0.0],[-47.338860930189171,-16.60429189776,0.0],[-47.334289216248443,-16.60864417847251,0.0],[-47.338335955829344,-16.612119194829081,0.0],[-47.334723982642792,-16.61758564878031,0.0],[-47.320932352753893,-16.607518109530218,0.0],[-47.318920642313643,-16.60401530709267,0.0],[-47.315788114287258,-16.608032301250962,0.0],[-47.320355724742853,-16.61859071478602,0.0],[-47.316651220536919,-16.61706182628479,0.0],[-47.304841637925193,-16.624535553472079,0.0],[-47.307481154445391,-16.63257256224702,0.0],[-47.301972442398629,-16.62746225867523,0.0],[-47.295060396634199,-16.627020615158649,0.0],[-47.294476264868422,-16.637225434603369,0.0],[-47.287093095830883,-16.635520170092452,0.0],[-47.28430890695175,-16.639726886873369,0.0],[-47.284051127941588,-16.640310504430118,0.0],[-47.287392584305501,-16.644876089261761,0.0],[-47.278693308532922,-16.648666992186321,0.0],[-47.277614454417069,-16.66050571764438,0.0],[-47.272336616217913,-16.664165494740839,0.0],[-47.266222345336978,-16.660357705704111,0.0],[-47.264282327557147,-16.662746624471211,0.0],[-47.260586968317831,-16.65609768833048,0.0],[-47.259749733997708,-16.65608769154251,0.0],[-47.254229688636237,-16.664119732497412,0.0],[-47.260196458774473,-16.668247525098909,0.0],[-47.25053464881924,-16.667271998633691,0.0],[-47.248785492357328,-16.67559736075345,0.0],[-47.259334827269292,-16.679431799159179,0.0],[-47.25560897336765,-16.687207163944699,0.0],[-47.246981330872401,-16.68292438046187,0.0],[-47.246081674476017,-16.701429000477781,0.0],[-47.251860388119979,-16.705955408555251,0.0],[-47.249118973561053,-16.709197949532559,0.0],[-47.241925796388763,-16.704977383232858,0.0],[-47.238777992844682,-16.70957354951457,0.0],[-47.228028967682597,-16.713941965994589,0.0],[-47.223729778205993,-16.7231242905718,0.0],[-47.223574089996497,-16.728388186948319,0.0],[-47.604446410183371,-16.754335697992669,1241.008900000000722],[-48.200579427029446,-16.49281027077463,987.663899999999558],[-48.202331656647623,-16.49328980289194,0.0],[-48.287229754421119,-16.498701530510989,0.0],[-48.374612600568803,-16.543953361551761,0.0],[-48.422985247543423,-16.621973759897902,0.0],[-48.623003941510269,-16.708246488585189,0.0],[-48.70299864510568,-16.587970233934186,0.0],[-48.783816223820281,-16.615075338002924,1073.955400000006193],[-48.822187497366457,-16.59385154838478,0.0],[-49.014135044316248,-16.582886782609862,0.0],[-49.076682579499419,-16.616786953321899,0.0],[-49.087994989682201,-16.599817361434582,0.0],[-49.146120186450077,-16.616981849070729,0.0],[-49.191176966494979,-16.639997866582839,0.0],[-49.21216932992499,-16.652993139182371,0.0],[-49.219573609999941,-16.65820003999994,716.221999999994296],[-49.26515024849072,-16.616183742462979,0.0],[-49.21964307200551,-16.406327598458329,823.848299999997835],[-49.267853659128697,-16.3464787752843,0.0],[-49.26279224411531,-16.339011179026272,810.168600000004517],[-49.293575816228433,-16.304536154356601,0.0],[-49.302003680606774,-16.265142884876205,873.231599999999162],[-49.302003767543724,-16.265142477654251,0.0],[-49.257933275955587,-16.187013733510739,0.0],[-49.325142111030907,-16.098281825093189,0.0],[-49.325036862469247,-16.08554934518633,0.0],[-49.227498982253948,-16.02906659535951,0.0],[-49.23767349957236,-15.892755604730086,729.673299999994924],[-49.30141913167251,-15.78370816181404,0.0]]]]}},
{"type":"Feature","properties":{"Name":"13","REG":"13"},"geometry":{"type":"MultiPolygon","coordinates":[[[[-49.424639315813828,-16.948238912703872,0.0],[-49.475978724347669,-17.007686362826071,0.0],[-49.487291682116158,-17.28114785923011,0.0],[-49.492024311599288,-17.297252033892711,0.0],[-49.675079093599877,-17.423349309994229,0.0],[-49.797775222744249,-17.721767186407131,0.0],[-49.962090582996147,-17.682341089566769,0.0],[-50.004901422492971,-17.660007387377661,0.0],[-50.162502436156174,-17.816665152336629,474.050300000002608],[-50.241436087199617,-17.724997520626399,0.0],[-50.394847413072497,-17.617107058710264,543.241500000003725],[-50.341294165564307,-17.50671895087283,0.0],[-50.38233780049864,-17.417874941400459,0.0],[-50.38211185273903,-17.39374659543196,0.0],[-50.381657939043691,-17.393032997676642,542.120599999994738],[-50.382641788781271,-17.392251127989049,0.0],[-50.383428075090002,-17.391417748835678,540.410400034830673],[-50.388375748889722,-17.38708885886323,0.0],[-50.402189746895139,-17.198201952857222,640.657000353356125],[-50.531435694014085,-17.110724969033523,686.81239999999525],[-50.570358243592992,-17.062551660783619,0.0],[-50.51883219159491,-16.990450579690009,0.0],[-50.530770491485598,-16.969389643122039,0.0],[-50.479215936349263,-16.947664970842659,0.0],[-50.485938549951157,-16.909044984853761,0.0],[-50.453497497424742,-16.901440721624962,0.0],[-50.456500061361091,-16.831913655235031,0.0],[-50.409566239368658,-16.820960684090281,0.0],[-50.35679663058086,-16.733100225272619,0.0],[-50.374322800532148,-16.65502910458051,0.0],[-50.299409409083417,-16.575361463324228,689.571800000005169],[-50.149250807581041,-16.526968742369579,0.0],[-49.970200872831043,-16.569246776315378,744.157999613002175],[-49.941081798878599,-16.56671853356973,0.0],[-49.891255205786649,-16.590187168068244,659.809299999993527],[-49.883370939064193,-16.595775228423321,0.0],[-49.783360507044407,-16.610458073680441,0.0],[-49.684309882026334,-16.590674236397923,656.779299999994691],[-49.715477789097896,-16.760428728339093,628.781199999997625],[-49.617907487869829,-16.884404059686599,0.0],[-49.454655442348212,-16.916390444786106,859.466799999994691],[-49.448439253469459,-16.942962230459141,0.0],[-49.424639315813828,-16.948238912703872,0.0]]]]}},
{"type":"Feature","properties":{"Name":"14","REG":"14"},"geometry":{"type":"MultiPolygon","coordinates":[[[[-47.223574089996497,-16.728388186948319,0.0],[-47.223470922924228,-16.731876317357891,0.0],[-47.231474106447472,-16.73483242421025,0.0],[-47.226917127537519,-16.742142787943131,0.0],[-47.234888088565853,-16.74514167306662,0.0],[-47.236368433414327,-16.755842877632531,0.0],[-47.232474807640649,-16.765536594152319,0.0],[-47.223809391013837,-16.762278542764779,0.0],[-47.230304786673933,-16.767947180691351,0.0],[-47.231283723568069,-16.77586669471744,0.0],[-47.217610490822842,-16.780524292250409,0.0],[-47.21985971917735,-16.78735601335309,0.0],[-47.216782203523913,-16.794060254434559,0.0],[-47.219444478547487,-16.79742277502935,0.0],[-47.21605667403125,-16.802581447448521,0.0],[-47.220158132630438,-16.805045065082229,0.0],[-47.220560648035189,-16.807283417563252,0.0],[-47.219625087866817,-16.809353162694041,0.0],[-47.207862187414356,-16.820300810993739,0.0],[-47.213163666799879,-16.823568597945268,0.0],[-47.212518955780297,-16.82834281141854,0.0],[-47.193903675729487,-16.825663694063181,0.0],[-47.206342251497823,-16.840325724826972,0.0],[-47.200750591678087,-16.860676213380291,0.0],[-47.20154977763297,-16.86247844909996,0.0],[-47.209721854932589,-16.865950115285099,0.0],[-47.208085210160057,-16.87651549737506,0.0],[-47.201285942439199,-16.875832184876099,0.0],[-47.201283750056881,-16.88276447125785,0.0],[-47.19355919780466,-16.883616454448319,0.0],[-47.195005070034433,-16.88779898737512,0.0],[-47.202752416257567,-16.890626482569651,0.0],[-47.201729087457501,-16.89510152805455,0.0],[-47.19404038123934,-16.898778537253779,0.0],[-47.197103251456603,-16.90995335057158,0.0],[-47.182453286567927,-16.902727786787889,0.0],[-47.179893539884489,-16.905623657148979,0.0],[-47.173255168243372,-16.918954084795061,0.0],[-47.16715756740173,-16.91599324847094,0.0],[-47.164601432197372,-16.918963286174829,0.0],[-47.16062139018004,-16.92254527968306,0.0],[-47.174753585401987,-16.933346711885999,0.0],[-47.169894359984568,-16.935989811340139,0.0],[-47.168723534209498,-16.941648479453949,0.0],[-47.164775963918181,-16.938579022447591,0.0],[-47.157309203659921,-16.94187880509056,0.0],[-47.166971336202778,-16.953095258941001,0.0],[-47.153032812029352,-16.955527003962139,0.0],[-47.152776700648893,-16.956319790094831,0.0],[-47.158729047130251,-16.96515651455724,0.0],[-47.15203062915424,-16.96795962288412,0.0],[-47.144559956693548,-16.96589296708343,0.0],[-47.142996351816393,-16.972549701543532,0.0],[-47.12794449689617,-16.97931538001848,0.0],[-47.126985601552008,-16.981024844110589,0.0],[-47.131918220470467,-16.992007148013531,0.0],[-47.151504362083777,-16.997810178484499,0.0],[-47.140555591948129,-16.99763105415532,0.0],[-47.14066701517627,-17.005171678891099,0.0],[-47.14452762259382,-17.004263599434939,0.0],[-47.145144879437808,-17.010181984920209,0.0],[-47.133169965048829,-17.005792825868632,0.0],[-47.132140250088547,-17.01089426600101,0.0],[-47.141057631213052,-17.017796793860921,0.0],[-47.13880844356575,-17.020451271850451,0.0],[-47.144774941285583,-17.02564518465983,0.0],[-47.149361947479591,-17.024597100975669,0.0],[-47.147362225254547,-17.031243559223888,0.0],[-47.149393924906711,-17.032074947601711,0.0],[-47.152509249967252,-17.032592439831429,0.0],[-47.155419822318898,-17.026782096748889,0.0],[-47.157559608062748,-17.034274935009961,0.0],[-47.160808251727808,-17.030965724748121,0.0],[-47.162483570654842,-17.034858253890899,0.0],[-47.162753859677068,-17.036544379457879,0.0],[-47.163872231479893,-17.04166858885387,0.0],[-47.168840627619062,-17.039602438680671,0.0],[-47.165443104290851,-17.045520840249779,0.0],[-47.167351753569022,-17.047950577169349,0.0],[-47.179421059813762,-17.039954621513871,0.0],[-47.18069217003638,-17.03553263120094,0.0],[-47.184830844797581,-17.036418733800978,0.0],[-47.182116156805037,-17.053279177836931,0.0],[-47.176608027619707,-17.054646434867081,0.0],[-47.176557200643821,-17.05627339450141,0.0],[-47.182476210555208,-17.064412890015831,0.0],[-47.187807649161051,-17.058150033063541,0.0],[-47.190669652443219,-17.062160058431381,0.0],[-47.196586119674294,-17.060525575063611,0.0],[-47.19663837130917,-17.067093968637849,0.0],[-47.192020803851541,-17.06692231903369,0.0],[-47.191418586730101,-17.070084850570641,0.0],[-47.198474533495812,-17.07271845742147,0.0],[-47.205919634146547,-17.07113924615604,0.0],[-47.208248817746473,-17.06731170153768,0.0],[-47.210757495970107,-17.07438425646167,0.0],[-47.20805970730936,-17.080813493156839,0.0],[-47.224172419643708,-17.076151440727251,0.0],[-47.224167449516017,-17.08300400374101,0.0],[-47.22925917435424,-17.079491450869959,0.0],[-47.234560376517393,-17.082811459948928,0.0],[-47.231128400039047,-17.08681845509382,0.0],[-47.224772749960898,-17.086189863908881,0.0],[-47.230114233120332,-17.090109600548502,0.0],[-47.239929626546221,-17.084148394964359,0.0],[-47.243478580391439,-17.08728646499415,0.0],[-47.248109180666859,-17.082227233121191,0.0],[-47.248556760564469,-17.099013218807372,0.0],[-47.25469907039799,-17.09877291395544,0.0],[-47.256896857261751,-17.09360146869113,0.0],[-47.259721375812418,-17.101217360501821,0.0],[-47.264837268888641,-17.097999254692219,0.0],[-47.266314027257593,-17.11406717392369,0.0],[-47.27397409383444,-17.104033995283729,0.0],[-47.282339264139907,-17.115351842963889,0.0],[-47.275529178751981,-17.118288564172278,0.0],[-47.276310879742539,-17.123542498065898,0.0],[-47.282553746186117,-17.123219414225911,0.0],[-47.276728682494827,-17.1278605915141,0.0],[-47.283804631873771,-17.131036703025249,0.0],[-47.283090792064577,-17.144558218707751,0.0],[-47.296199568256931,-17.139081448635121,0.0],[-47.304556669761332,-17.147387324080189,0.0],[-47.303360296689959,-17.15490962002702,0.0],[-47.307756213504987,-17.159471310570741,0.0],[-47.311422877230733,-17.14677701281305,0.0],[-47.324063933831653,-17.156088435521411,0.0],[-47.328061181599601,-17.14879251918429,0.0],[-47.332441549189227,-17.15485033456785,0.0],[-47.329808473650147,-17.158936771543889,0.0],[-47.334286068217807,-17.16575153786701,0.0],[-47.352367723101537,-17.166957030838141,0.0],[-47.348868826631531,-17.176682411734571,0.0],[-47.352206779789569,-17.17951811922595,0.0],[-47.363595697306039,-17.17112628526645,0.0],[-47.418381044040594,-17.15670908875736,0.0],[-47.481816708680597,-17.133641574342811,0.0],[-47.611571477262437,-17.116340938531891,0.0],[-47.712491852826098,-17.11922437783371,0.0],[-47.862430696520683,-17.16247596736099,0.0],[-48.106081317524357,-17.312414811055572,0.0],[-48.226464908375291,-17.362154139011938,0.0],[-48.245950160769254,-17.372839623634228,656.234599999996135],[-48.253215043726605,-17.367968371737099,0.0],[-48.282395242858023,-17.340175791000515,0.0],[-48.286859625958442,-17.329852211542541,0.0],[-48.352356222584874,-17.340411236906281,0.0],[-48.531174513036731,-17.34588526620583,0.0],[-48.76382075826745,-17.373255412703561,0.0],[-48.801340667424768,-17.38637027456706,0.0],[-48.804655392396327,-17.387552171748272,803.360899999999674],[-48.804413851076262,-17.3808897394747,0.0],[-48.835508190851307,-17.324153706326449,0.0],[-48.868034407153949,-17.280345128234231,0.0],[-48.895722513468989,-17.2812738099169,0.0],[-48.972269048958012,-17.275327268016099,0.0],[-49.00322292670014,-17.265097629562046,835.104500000001281],[-49.074483783740213,-17.155827304463429,0.0],[-49.136522782800839,-17.077366217416159,0.0],[-49.146558503237117,-17.071892188087279,0.0],[-49.203123472968883,-17.036310997449561,0.0],[-49.229581281391788,-17.022625924127361,0.0],[-49.229581296578303,-17.022626119516691,0.0],[-49.229592553847539,-17.022609478336101,0.0],[-49.242504417270183,-17.01834462504074,0.0],[-49.232083163223727,-16.96915276339092,0.0],[-49.233555579999972,-16.967025859999978,0.0],[-49.233913828444628,-16.966213481257387,0.0],[-49.238794194888989,-16.959449982986811,0.0],[-49.253549093930623,-16.943139114711631,0.0],[-49.250818379988509,-16.934166768901829,0.0],[-49.25510950189755,-16.895936773712219,0.0],[-49.243679269999973,-16.834415499999977,795.617499999993015],[-49.23099273000004,-16.709869039999919,0.0],[-49.219573609999941,-16.65820003999994,716.221999999994296],[-49.21216932992499,-16.652993139182371,0.0],[-49.191176966494979,-16.639997866582839,0.0],[-49.146120186450077,-16.616981849070729,0.0],[-49.087994989682201,-16.599817361434582,0.0],[-49.076682579499419,-16.616786953321899,0.0],[-49.014135044316248,-16.582886782609862,0.0],[-48.822187497366457,-16.59385154838478,0.0],[-48.783816223780228,-16.615075337983452,1073.955399737707921],[-48.70299864510568,-16.587970233934186,0.0],[-48.623003941510269,-16.708246488585189,0.0],[-48.422985247543423,-16.621973759897902,0.0],[-48.374612600568803,-16.543953361551761,0.0],[-48.287229754421119,-16.498701530510989,0.0],[-48.202331656647623,-16.49328980289194,0.0],[-48.200579427029446,-16.49281027077463,987.663899999999558],[-47.604446410183371,-16.754335697992669,1241.008900000000722],[-47.223574089996497,-16.728388186948319,0.0]]]]}},
{"type":"Feature","properties":{"Name":"15","REG":"15"},"geometry":{"type":"MultiPolygon","coordinates":[[[[-53.243839259003039,-17.506018894505559,0.0],[-53.243895092579159,-17.50592250462724,0.0],[-53.243320626407538,-17.503027207383941,0.0],[-53.239589175587668,-17.5002302585964,0.0],[-53.241045847531431,-17.497500231136009,0.0],[-53.23971332593036,-17.49660523037392,0.0],[-53.241986950150377,-17.493328806135491,0.0],[-53.236603488622777,-17.481427350902958,0.0],[-53.233457892548699,-17.481433198588309,0.0],[-53.235262907725158,-17.479794844535562,0.0],[-53.229293043109827,-17.466536714850839,0.0],[-53.227208853586987,-17.46734978609021,0.0],[-53.229211083296448,-17.463635304164079,0.0],[-53.226851337783962,-17.465080603708241,0.0],[-53.22437405095959,-17.458456675446371,0.0],[-53.227791306478842,-17.45627525436214,0.0],[-53.227788755415148,-17.44592045298506,0.0],[-53.233852144529379,-17.441379557409778,0.0],[-53.229127625803862,-17.438660669166879,0.0],[-53.230740092607277,-17.427695022413172,0.0],[-53.224382783845932,-17.426759488524649,0.0],[-53.221428523137263,-17.415380248142249,0.0],[-53.219373764753087,-17.413411631266211,0.0],[-53.215209263208379,-17.412716089249251,0.0],[-53.213039490530157,-17.408140230692592,0.0],[-53.215872847920892,-17.405602698422872,0.0],[-53.206984661686143,-17.40232493576983,0.0],[-53.209543831048229,-17.396154321337441,0.0],[-53.214267225271549,-17.396154855521711,0.0],[-53.20793518670191,-17.393608197988041,0.0],[-53.210010454250323,-17.386071464151051,0.0],[-53.205208716776028,-17.384255360828611,0.0],[-53.20368567187699,-17.390430137291091,0.0],[-53.197936666466248,-17.381785930322639,0.0],[-53.201872504337828,-17.37236028465901,0.0],[-53.206902296274293,-17.37335499178316,0.0],[-53.207374789498523,-17.370729691728609,0.0],[-53.1967954779549,-17.368996115113308,0.0],[-53.196044878458999,-17.36200078702565,0.0],[-53.203677209312367,-17.36409132415892,0.0],[-53.207178631362247,-17.361646845138409,0.0],[-53.203482470810748,-17.361279914570488,0.0],[-53.20426577957582,-17.354199578901529,0.0],[-53.201126567518408,-17.35319319645631,0.0],[-53.201625421996049,-17.344846185657179,0.0],[-53.207211318860793,-17.343115591607429,0.0],[-53.20264902629804,-17.340756427402411,0.0],[-53.205499584395113,-17.333761916367571,0.0],[-53.218053048381137,-17.32739653308716,0.0],[-53.213742137366623,-17.322865962157589,0.0],[-53.216262992546859,-17.320689267404401,0.0],[-53.209262041295467,-17.315014810894109,0.0],[-53.21476738402361,-17.313788943337322,0.0],[-53.214769594276753,-17.31133142443802,0.0],[-53.210710382847502,-17.3128756212589,0.0],[-53.214405131413848,-17.308520015579031,0.0],[-53.219120755264207,-17.310065283996291,0.0],[-53.217044869930888,-17.30489025356513,0.0],[-53.219057926352583,-17.29975242722298,0.0],[-53.208824987749161,-17.293807149774771,0.0],[-53.20909578383727,-17.28544986203304,0.0],[-53.196457242951119,-17.276271792645431,0.0],[-53.198536359514129,-17.260470550481841,0.0],[-53.186346746477739,-17.258103364745001,0.0],[-53.181237171290732,-17.244751340273851,0.0],[-53.175760972848551,-17.24130300489804,0.0],[-53.171622772734388,-17.22250593391211,0.0],[-53.166383530466973,-17.220842611198911,0.0],[-53.167739886329016,-17.210421691294471,0.0],[-53.163318144591599,-17.206691126701081,0.0],[-53.156711863034147,-17.189073242258601,0.0],[-53.157845957362582,-17.171087542484141,0.0],[-53.150206400840133,-17.168272832583089,0.0],[-53.142823265831559,-17.171530390764492,0.0],[-53.140649859308269,-17.162178105815389,0.0],[-53.135930075776102,-17.162084792817939,0.0],[-53.133483350344648,-17.156446426712069,0.0],[-53.128567447051928,-17.155086160315779,0.0],[-53.132649677687468,-17.14591607103295,0.0],[-53.127544605693437,-17.144638306101982,0.0],[-53.11595825627829,-17.126191825712802,0.0],[-53.119542159056948,-17.119474535398211,0.0],[-53.11603904781763,-17.11729175626138,0.0],[-53.119540464419707,-17.113665879198649,0.0],[-53.109058914031401,-17.108194772211991,0.0],[-53.107534170783197,-17.107912276796799,0.0],[-53.10237106089501,-17.110464541805221,0.0],[-53.099805455474637,-17.106977303892531,0.0],[-53.101962964542693,-17.10307309729443,0.0],[-53.097540960171848,-17.10247422340408,0.0],[-53.096304824302969,-17.10064088131281,0.0],[-53.088123600214601,-17.099097294551061,0.0],[-53.092728074883837,-17.093020282395202,0.0],[-53.086090771926557,-17.09404226426707,0.0],[-53.090676349897393,-17.086386628799151,0.0],[-53.08000539321192,-17.089375310538411,0.0],[-53.081553980863788,-17.08032189987815,0.0],[-53.078208935357758,-17.07983441092718,0.0],[-53.072458613836289,-17.08618587477396,0.0],[-53.074255820077227,-17.078019136557611,0.0],[-53.068869364658518,-17.07864333198108,0.0],[-53.067654325900442,-17.073831077673258,0.0],[-53.061788437253647,-17.07808752573083,0.0],[-53.062644529410271,-17.071828584292302,0.0],[-53.056432222133942,-17.070815826169081,0.0],[-53.05879025420986,-17.05956017244538,0.0],[-53.062210843958987,-17.057479863297392,0.0],[-53.067009527457643,-17.059661525702928,0.0],[-53.066931160058132,-17.05275841669722,0.0],[-53.061263589932643,-17.053390946732879,0.0],[-53.064174703393881,-17.046030876461021,0.0],[-53.072960951879523,-17.051041432161028,0.0],[-53.07089866260992,-17.04259248654969,0.0],[-53.066377477925123,-17.039409426190801,0.0],[-53.069399696144274,-17.030415453785839,0.0],[-53.063286004294582,-17.03003047782996,0.0],[-53.061952331792,-17.020784300472251,0.0],[-53.056011695160059,-17.019862375096139,0.0],[-53.064119843725891,-17.017426209126629,0.0],[-53.063051754745722,-17.013312848408962,0.0],[-53.056484735610027,-17.015420393884959,0.0],[-53.058371955754012,-17.009882564531221,0.0],[-53.054034372850793,-17.004240872968591,0.0],[-53.056262726135998,-17.0023944598166,0.0],[-53.050342328489947,-16.99328135920376,0.0],[-53.054394302192129,-16.98844769243706,0.0],[-53.055568922622292,-16.96388693968683,0.0],[-53.052096089854423,-16.96174777159008,0.0],[-53.049287467560141,-16.96701560295017,0.0],[-53.045147909585793,-16.954378022308362,0.0],[-53.046959019241037,-16.949154362338259,0.0],[-53.034539379111692,-16.941704636445131,0.0],[-53.036923011259368,-16.939655721021339,0.0],[-53.033672927295108,-16.930805110424249,0.0],[-53.039514675835768,-16.93216981765071,0.0],[-53.03411622078854,-16.921201144321621,0.0],[-53.040037088818977,-16.912402993787019,0.0],[-53.032650031316848,-16.908662719127712,0.0],[-53.030400010344437,-16.910365242359639,0.0],[-53.032228063782213,-16.904938525106989,0.0],[-53.024986298561231,-16.9038649373657,0.0],[-53.01934148096948,-16.899112702629271,0.0],[-53.016757215940594,-16.885376217243788,0.0],[-53.012309379138181,-16.885036789634309,0.0],[-53.018177761197258,-16.879320607907129,0.0],[-53.013317965146648,-16.876973666327078,0.0],[-53.01452987030283,-16.865347736342329,0.0],[-53.011740912891902,-16.858460472200559,0.0],[-53.006570041918707,-16.864626376639421,0.0],[-53.00192690513061,-16.860118028190211,0.0],[-52.998699946605427,-16.865960588253749,0.0],[-52.991458453631488,-16.863721435682599,0.0],[-52.98900621644313,-16.86725925201808,0.0],[-52.976705208576128,-16.863945668687421,0.0],[-52.970166539716949,-16.869607408521489,0.0],[-52.96760928189267,-16.86906519322687,0.0],[-52.964621457861107,-16.867445471335589,0.0],[-52.965123090726657,-16.85890929083876,0.0],[-52.954567687279962,-16.86118491048553,0.0],[-52.954386294686429,-16.860896575675209,0.0],[-52.957647680167582,-16.85123704089477,0.0],[-52.950144818747809,-16.854062929291679,0.0],[-52.951007084132108,-16.860851590102389,0.0],[-52.945062821050428,-16.856700194510811,0.0],[-52.947863638911599,-16.845738151451052,0.0],[-52.95339952791867,-16.842369489603541,0.0],[-52.927526411416387,-16.841463484381951,0.0],[-52.927591132089312,-16.840956813436669,0.0],[-52.92949198161935,-16.839177068876221,0.0],[-52.932589508007197,-16.836275921357561,0.0],[-52.92936609339273,-16.82786114682963,0.0],[-52.944841781927018,-16.813602911256691,0.0],[-52.936094989549773,-16.810909872596529,0.0],[-52.933059359061097,-16.803313714754459,0.0],[-52.926592898183067,-16.805783762442889,0.0],[-52.926964902796207,-16.817562464923039,0.0],[-52.924689317996943,-16.8176002529244,0.0],[-52.915236116894967,-16.812641088324291,0.0],[-52.908090737667287,-16.810716937608149,0.0],[-52.906513997286808,-16.799363521435691,0.0],[-52.892811016252949,-16.793821592850929,0.0],[-52.888952883268033,-16.787955452135002,0.0],[-52.894670168324843,-16.785582908486941,0.0],[-52.882698860028782,-16.77655594469147,0.0],[-52.867781468735657,-16.781670216718801,0.0],[-52.859371575399557,-16.768377370210871,0.0],[-52.854509037502311,-16.773726878172521,0.0],[-52.849040603470677,-16.767339629093549,0.0],[-52.84292386426381,-16.768761889162281,0.0],[-52.84211163302863,-16.76908328412755,0.0],[-52.831673732374952,-16.771710572524981,0.0],[-52.830629269672869,-16.77070001349303,0.0],[-52.830697002221449,-16.760845490593741,0.0],[-52.823732734760242,-16.758580502854699,0.0],[-52.807811617095879,-16.74187099480941,0.0],[-52.801534620055392,-16.74802412645894,0.0],[-52.79986404081837,-16.74758885246748,0.0],[-52.79298280593629,-16.740180212317568,0.0],[-52.786393838437888,-16.74163497465846,0.0],[-52.789020176381293,-16.723417873988812,0.0],[-52.78699012366981,-16.717753948834002,0.0],[-52.780119713360421,-16.708419737614211,0.0],[-52.762166694979371,-16.706731190692899,0.0],[-52.763145484129247,-16.682559882760099,0.0],[-52.755616174045301,-16.672701503320191,0.0],[-52.769620522991367,-16.672858388586331,0.0],[-52.771670253665746,-16.668957793089479,0.0],[-52.755228068902703,-16.663103928435369,0.0],[-52.7469509831636,-16.65578112790184,0.0],[-52.740839799591633,-16.657244777034951,0.0],[-52.748418425805482,-16.639302101117039,0.0],[-52.747278928851223,-16.631154263162291,0.0],[-52.739674660278027,-16.630439845733129,0.0],[-52.733194597684047,-16.63507102173886,0.0],[-52.724950380347998,-16.64721809873911,0.0],[-52.71611384204197,-16.63971029899858,0.0],[-52.726502751702853,-16.615074223980891,0.0],[-52.738032060221322,-16.61341693894682,0.0],[-52.741504866249777,-16.609788006113661,0.0],[-52.741230948706807,-16.604356852747131,0.0],[-52.731532184724657,-16.59848768078972,0.0],[-52.739860865813128,-16.590255634713579,0.0],[-52.737461660233478,-16.588564242588369,0.0],[-52.731637687770657,-16.586817586937709,0.0],[-52.73050989380782,-16.586479255735881,0.0],[-52.72668651358854,-16.587062887926681,0.0],[-52.707162147462711,-16.598716398369589,0.0],[-52.706006572468297,-16.5977533400625,0.0],[-52.708392893555271,-16.576345658329721,0.0],[-52.70455115563442,-16.571698970890068,0.0],[-52.703320028471218,-16.571681476026441,0.0],[-52.69067047990788,-16.584700245725649,0.0],[-52.67591751404899,-16.585438926020839,0.0],[-52.67111216016982,-16.58246336720206,0.0],[-52.674311864241048,-16.569508527337479,0.0],[-52.660584191940742,-16.570794985351089,0.0],[-52.670725105577937,-16.559639296822549,0.0],[-52.669032821427869,-16.550953678773631,0.0],[-52.663116913825213,-16.55150398628215,0.0],[-52.651670424260708,-16.561928007876521,0.0],[-52.651169525273453,-16.54906818448843,0.0],[-52.647421964156443,-16.546359845417321,0.0],[-52.636168233165023,-16.552078550619509,0.0],[-52.635105378729428,-16.538400945192471,0.0],[-52.626561358144123,-16.533892056539202,0.0],[-52.628550077412832,-16.524384638029911,0.0],[-52.538016266581657,-16.534443950344489,0.0],[-52.49075838186252,-16.6117750275146,0.0],[-52.504228232030208,-16.67368110097398,0.0],[-52.351208390299782,-16.691313255449622,0.0],[-52.349749822027519,-16.699382146269201,0.0],[-52.440685507537552,-16.925736820142081,0.0],[-52.414908462826027,-16.981587083683671,0.0],[-52.369475699843584,-17.098326400243131,0.0],[-52.384341504208052,-17.102231440218659,0.0],[-52.478718955235742,-17.251938384435,0.0],[-52.31387392723984,-17.340647254267189,0.0],[-52.100549347242747,-17.386143479850279,0.0],[-51.916537162904099,-17.274447367956011,0.0],[-51.916541077116818,-17.274454140720501,0.0],[-51.953058557124777,-17.44415301840456,0.0],[-51.920121222215627,-17.554421487448199,0.0],[-51.873249569999984,-17.580790099999945,860.770499999998719],[-52.047510166436147,-17.800523551292081,0.0],[-52.029156968589717,-17.89107554705944,0.0],[-52.010335634359222,-18.031826394348339,0.0],[-51.936685779425098,-18.258502139661971,0.0],[-52.105700750502749,-18.265906300080641,0.0],[-52.152344926643281,-18.400110596344621,0.0],[-52.093393032854685,-18.522694992858831,712.066700101160677],[-52.206347579584467,-18.66382664154704,0.0],[-52.295370323607941,-18.82973390947501,0.0],[-52.299145968222497,-18.837075335206571,0.0],[-52.309449176720648,-18.840169197591269,0.0],[-52.321757071231687,-18.83147240639952,0.0],[-52.334537781230033,-18.828695935075611,0.0],[-52.338374187416584,-18.822399480523998,0.0],[-52.345103163190281,-18.821990556127929,0.0],[-52.347206213636518,-18.815794666248859,0.0],[-52.354869634283368,-18.8131440539001,0.0],[-52.351393186033192,-18.81062960737804,0.0],[-52.354450117953419,-18.800658962394021,0.0],[-52.370206987973212,-18.79970332376914,0.0],[-52.368144154490352,-18.794351626954029,0.0],[-52.375648408491912,-18.792109351790842,0.0],[-52.376678398521321,-18.787665980213749,0.0],[-52.379841775907501,-18.788085134786218,0.0],[-52.378787297893723,-18.78438761216664,0.0],[-52.399841087441779,-18.76556403647967,0.0],[-52.398180474601631,-18.75889816119096,0.0],[-52.410258949183657,-18.75543724382905,0.0],[-52.411873369167473,-18.746796060209029,0.0],[-52.413012518582093,-18.740697675696239,0.0],[-52.425736252186951,-18.732094216733831,0.0],[-52.428504324691602,-18.728390842345391,0.0],[-52.449535795707398,-18.69141768640894,0.0],[-52.475929448632641,-18.68600613033357,0.0],[-52.501197227493769,-18.67573065435155,0.0],[-52.522209972912137,-18.669771620041448,0.0],[-52.522961346982648,-18.6650899147137,0.0],[-52.53167281569803,-18.658473712284639,0.0],[-52.553452819256819,-18.6574413778951,0.0],[-52.555981766248671,-18.662141123152249,0.0],[-52.567263876198467,-18.665360815325052,0.0],[-52.586930608555782,-18.681380285055269,0.0],[-52.593284906245891,-18.690343654777411,0.0],[-52.623041127071112,-18.689615172949459,0.0],[-52.634100750780057,-18.696010445208518,0.0],[-52.643788618175591,-18.688890067762891,0.0],[-52.674331477879129,-18.68104402906755,0.0],[-52.684356881834383,-18.680010917593862,0.0],[-52.719000454203353,-18.69172722688927,0.0],[-52.721183540006173,-18.69202944084391,0.0],[-52.731713108485337,-18.689369370363899,0.0],[-52.750025858503037,-18.69122457370764,0.0],[-52.76632463232675,-18.68161497939926,0.0],[-52.787149905953179,-18.68174988007555,0.0],[-52.809850405143081,-18.667432720075571,0.0],[-52.828073169768231,-18.67234461314932,0.0],[-52.83720742955898,-18.667361754432559,0.0],[-52.84693116904478,-18.667575320272292,0.0],[-52.849044223040529,-18.662068324849539,0.0],[-52.873875854950967,-18.646645035438421,0.0],[-52.915106641827762,-18.64102923973407,0.0],[-52.917043604074813,-18.63961421993557,0.0],[-52.914740138194148,-18.620271587871351,0.0],[-52.921545748663661,-18.61385289649327,0.0],[-52.940289881563729,-18.613714471951472,0.0],[-52.934872513752239,-18.59956411549091,0.0],[-52.941956980922917,-18.586369539281382,0.0],[-52.952235399543511,-18.577123588086302,0.0],[-52.954046736658412,-18.562840973580521,0.0],[-52.965345985511682,-18.550480549983639,0.0],[-52.962769236677929,-18.541270494078049,0.0],[-52.944967780957917,-18.519928198829771,0.0],[-52.916179016331242,-18.509354646968671,0.0],[-52.908630758929249,-18.489686481220801,0.0],[-52.899514463736558,-18.47728448800309,0.0],[-52.881375556338917,-18.465945323430208,0.0],[-52.876704502428552,-18.43545678493923,0.0],[-52.874195267004758,-18.42857202326914,0.0],[-52.867767669703838,-18.426015368110161,0.0],[-52.860403121109698,-18.424491780671389,0.0],[-52.838709502372303,-18.424113825521129,0.0],[-52.798930047504939,-18.41531311549619,0.0],[-52.786485312342037,-18.39076160172419,0.0],[-52.762318786218422,-18.371762129312771,0.0],[-52.759858638984781,-18.34961725235943,0.0],[-52.762071425917142,-18.345803324327122,0.0],[-52.766920626709833,-18.340154647803661,0.0],[-52.782387700267272,-18.32604613523737,0.0],[-52.797445078710091,-18.318207671776651,0.0],[-52.816630022232609,-18.312531705075099,0.0],[-52.821325080512963,-18.311941122882011,0.0],[-52.825019293030152,-18.31147610192015,0.0],[-52.873624391855643,-18.315284789444242,0.0],[-52.92424414136039,-18.30036804919505,0.0],[-52.945423566663443,-18.29701792386761,0.0],[-52.949828346302333,-18.297023458614291,0.0],[-52.979516553018513,-18.305168101155449,0.0],[-53.014356006737373,-18.32659004036158,0.0],[-53.025240720209482,-18.351056004397929,0.0],[-53.030182732431122,-18.351723485883038,0.0],[-53.044954552931962,-18.344372249817749,0.0],[-53.070354877756273,-18.3433315657938,0.0],[-53.101571505319413,-18.31128367900935,0.0],[-53.102458818228122,-18.27307172356052,0.0],[-53.110745465053888,-18.24850927899276,0.0],[-53.11060642678769,-18.220014622608769,0.0],[-53.130156931949067,-18.16115353507983,0.0],[-53.129435419227008,-18.1389347611874,0.0],[-53.140387586661717,-18.10067192324685,0.0],[-53.143657812442108,-18.08228760348662,0.0],[-53.139752987300511,-18.07208698978603,0.0],[-53.126376924622043,-18.061162248329001,0.0],[-53.121347960068427,-18.059116700988209,0.0],[-53.094078709290152,-18.057496538792918,0.0],[-53.087259169639438,-18.056178227490651,0.0],[-53.076128722219003,-18.051245186961541,0.0],[-53.072405282659837,-18.039919285861409,0.0],[-53.070488043255907,-17.98698750728887,0.0],[-53.077405264372047,-17.96914734051883,0.0],[-53.086405068959017,-17.962398081014051,0.0],[-53.100900684673107,-17.93726671283531,0.0],[-53.131850150884858,-17.91729530707693,0.0],[-53.12802223818224,-17.90046714234597,0.0],[-53.133150038328452,-17.89177927516625,0.0],[-53.133263323024927,-17.881887255507731,0.0],[-53.140907566815471,-17.877574409677919,0.0],[-53.143432294061917,-17.872110745591229,0.0],[-53.136817866861172,-17.83750634807128,0.0],[-53.148053775385478,-17.823595635281279,0.0],[-53.147100400261401,-17.81775615107443,0.0],[-53.158865769877018,-17.805783228284529,0.0],[-53.163872729585222,-17.795960630808221,0.0],[-53.160110970156218,-17.787200304107529,0.0],[-53.170123517921787,-17.770962634916081,0.0],[-53.169040982545738,-17.76671094104687,0.0],[-53.176039959834149,-17.766297016716411,0.0],[-53.177764098600953,-17.756313044255741,0.0],[-53.183401642983583,-17.75064464197802,0.0],[-53.187493927522041,-17.752521859540721,0.0],[-53.18971336820627,-17.746064300393741,0.0],[-53.198740954888407,-17.74009949136196,0.0],[-53.196996750766118,-17.737127254668149,0.0],[-53.20124233137917,-17.731192745696749,0.0],[-53.21313246220047,-17.726660156564002,0.0],[-53.212359660964303,-17.723973750888291,0.0],[-53.22112364800833,-17.72098202117899,0.0],[-53.222185343810217,-17.724057039573641,0.0],[-53.238761065840727,-17.714590502628329,0.0],[-53.2365473925922,-17.707896295469791,0.0],[-53.240377416411448,-17.702787628031562,0.0],[-53.239621815897813,-17.6957611893978,0.0],[-53.247297169523442,-17.69113223011869,0.0],[-53.241378182213957,-17.686728612878081,0.0],[-53.240488974159248,-17.680752460565461,0.0],[-53.246185952383179,-17.67281376308399,0.0],[-53.240682525574989,-17.66832042098007,0.0],[-53.245238402114111,-17.665206487542189,0.0],[-53.244546962132169,-17.65676920450889,0.0],[-53.248991179623218,-17.65546778533637,0.0],[-53.246400576955928,-17.652726665331301,0.0],[-53.251268655015963,-17.644661026236509,0.0],[-53.25124107408223,-17.62851590383822,0.0],[-53.247681836749379,-17.623550326904109,0.0],[-53.251627700903732,-17.619525833809671,0.0],[-53.247849031241969,-17.61755555838986,0.0],[-53.246931210971979,-17.611403849201071,0.0],[-53.250210396719197,-17.606745465454178,0.0],[-53.243352230405719,-17.602264073923049,0.0],[-53.243294960945533,-17.592922058726639,0.0],[-53.239095449411153,-17.59032289151563,0.0],[-53.24265490579986,-17.58349532330562,0.0],[-53.239594577847313,-17.58134143203214,0.0],[-53.243320142539247,-17.573514411006421,0.0],[-53.241040101059902,-17.571083569601061,0.0],[-53.247593487546901,-17.564774047190959,0.0],[-53.24840985988569,-17.559322057525939,0.0],[-53.241539185829033,-17.55329482080618,0.0],[-53.246241442306427,-17.547980592203501,0.0],[-53.246440566906493,-17.53898163387349,0.0],[-53.243493284511473,-17.534508002131648,0.0],[-53.247078044688152,-17.532842139752589,0.0],[-53.246758845712797,-17.527152653415389,0.0],[-53.240227041583061,-17.516397878997221,0.0],[-53.242265103106377,-17.512295893988451,0.0],[-53.239710629842207,-17.513126189737282,0.0],[-53.243839259003039,-17.506018894505559,0.0]]]]}},
{"type":"Feature","properties":{"Name":"16","REG":"16"},"geometry":{"type":"MultiPolygon","coordinates":[[[[-51.436504770298377,-17.280452555748859,0.0],[-51.328254657250696,-17.397804168947662,891.9951],[-51.317124924818799,-17.411160415763,0.0],[-51.244181986081919,-18.279291887223479,0.0],[-51.07000845999994,-18.504757279999971,0.0],[-50.961530978973251,-18.711151790776441,0.0],[-50.938782822946912,-18.788535561904641,0.0],[-50.906050067760567,-18.844181245721419,0.0],[-50.780028960293173,-18.904736842816138,0.0],[-50.660489279999986,-18.919421699999923,493.153200000000652],[-50.461037027209393,-18.911545881050959,0.0],[-50.466482760893093,-18.917347188419448,0.0],[-50.471496735436361,-18.92056246804372,0.0],[-50.47386760541221,-18.92134079637189,0.0],[-50.500711075773921,-18.930153517380312,0.0],[-50.509547070794433,-18.93788798130042,0.0],[-50.51228246190729,-18.952423361010389,0.0],[-50.50045522950365,-18.98162031407335,0.0],[-50.504424294842281,-19.004941590400652,0.0],[-50.495480326866229,-19.013328087754079,0.0],[-50.499148543651422,-19.034486848263001,0.0],[-50.52323048881312,-19.07739429387949,0.0],[-50.537928031264151,-19.09986301162375,0.0],[-50.542264782904581,-19.104680251024249,0.0],[-50.544081481956638,-19.10608830898412,0.0],[-50.545804568235141,-19.107424977938489,0.0],[-50.572901403569091,-19.121484959137469,0.0],[-50.585431384270933,-19.137847527560432,0.0],[-50.646000530807278,-19.134390267025189,0.0],[-50.646913320833271,-19.134338317817029,0.0],[-50.659771831643603,-19.134544924703921,0.0],[-50.672033397803879,-19.136269046278411,0.0],[-50.675679010237417,-19.13757181681429,0.0],[-50.678115168382377,-19.140149047517969,0.0],[-50.672933002197396,-19.164161204113071,0.0],[-50.681062886231643,-19.173657628160509,0.0],[-50.733876454788103,-19.18626497339368,0.0],[-50.743293871923427,-19.19867169139274,0.0],[-50.744367864575821,-19.215420149736559,0.0],[-50.744929029893228,-19.224162159393959,0.0],[-50.748132471645071,-19.23628084921079,0.0],[-50.771874866777438,-19.259810917522771,0.0],[-50.789180399340637,-19.263146693382151,0.0],[-50.817530099141543,-19.29028537784799,0.0],[-50.828377289448113,-19.308479077182898,0.0],[-50.829380927358727,-19.310917424499351,0.0],[-50.836242499481941,-19.32757974218066,0.0],[-50.838292071275177,-19.346079041619319,0.0],[-50.8484273157692,-19.365763033123251,0.0],[-50.861040965884762,-19.392545678113589,0.0],[-50.872804813663983,-19.40658961787349,0.0],[-50.874356244658877,-19.410460195636531,0.0],[-50.875765777662558,-19.423294454041621,0.0],[-50.868991578197203,-19.434382905455369,0.0],[-50.839210187383443,-19.458059621012598,0.0],[-50.8253517585945,-19.47549982237506,0.0],[-50.827099627617592,-19.48792768702501,0.0],[-50.835799520085807,-19.497349939121928,0.0],[-50.84258601419473,-19.49961103447988,0.0],[-50.907598999906533,-19.476302483337118,0.0],[-50.936218513642338,-19.468137003511501,0.0],[-50.940104061807133,-19.456971065777228,0.0],[-50.947130804952572,-19.453361559460632,0.0],[-50.952420267295402,-19.443318679035311,0.0],[-50.968791558827363,-19.43533409372974,0.0],[-50.985711493200903,-19.431842595711391,0.0],[-50.985465265313493,-19.410872436409459,0.0],[-51.005233883071043,-19.413574860882111,0.0],[-51.00238407389002,-19.404682584478468,0.0],[-51.006538269491607,-19.39954696940109,0.0],[-51.015906471243461,-19.402948616520899,0.0],[-51.031131395453578,-19.40189714549404,0.0],[-51.032681953029858,-19.398358777551181,0.0],[-51.021381477899368,-19.390357382417339,0.0],[-51.018407238147823,-19.384335684117449,0.0],[-51.024211470895288,-19.381912026231959,0.0],[-51.032749263723353,-19.363123785321019,0.0],[-51.033685105587359,-19.362339608102442,0.0],[-51.04284772364781,-19.361068998305331,0.0],[-51.043042928992172,-19.347138612890191,0.0],[-51.051209088866052,-19.335530150984699,0.0],[-51.054021909198219,-19.336314587789008,0.0],[-51.058239154359057,-19.32990312931538,0.0],[-51.067458727926542,-19.330556700697969,0.0],[-51.06819926711438,-19.325643048355051,0.0],[-51.088325593710522,-19.314753978427412,0.0],[-51.088374173392303,-19.308789488061571,0.0],[-51.092958673507773,-19.307535845117371,0.0],[-51.093038396864628,-19.307545011467671,0.0],[-51.106438032272088,-19.309137736458251,0.0],[-51.118821781263037,-19.303442910577321,0.0],[-51.126488276994479,-19.303914543669109,0.0],[-51.144240931065589,-19.28766822214067,0.0],[-51.168739320701839,-19.287859493701269,0.0],[-51.180908631956861,-19.28399440512927,0.0],[-51.188357819261881,-19.26900897665314,0.0],[-51.20127130847002,-19.265375552947699,0.0],[-51.203380206210262,-19.26169301457173,0.0],[-51.208103907031557,-19.266449972486011,0.0],[-51.216794542882241,-19.259434321183129,0.0],[-51.224684923518723,-19.258642610222871,0.0],[-51.228827508241793,-19.263943741753941,0.0],[-51.229478354886368,-19.264776522737471,0.0],[-51.24135131929161,-19.269516501352779,0.0],[-51.247154438383113,-19.266688673837489,0.0],[-51.252626499280538,-19.27453398494259,0.0],[-51.257352360984271,-19.267890577984069,0.0],[-51.275163685091862,-19.262576839916331,0.0],[-51.279358121990633,-19.25059700595029,0.0],[-51.284064583523069,-19.252240051218092,0.0],[-51.285115710856111,-19.252606715584069,0.0],[-51.287295736483919,-19.251876421662139,0.0],[-51.290525751772478,-19.246575532226299,0.0],[-51.296674708445501,-19.24368048032569,0.0],[-51.298379707717658,-19.239245160445819,0.0],[-51.308324282372659,-19.238398439108749,0.0],[-51.303996926506613,-19.22443390909503,0.0],[-51.308221954523162,-19.21898912485095,0.0],[-51.336075129589148,-19.222719296133839,0.0],[-51.344408808757827,-19.21438085883803,0.0],[-51.366852768984053,-19.22281998103373,0.0],[-51.369884189913627,-19.22114856471503,0.0],[-51.364967970531801,-19.213377418230621,0.0],[-51.37091274635732,-19.208379295779739,0.0],[-51.37041270065118,-19.201124798469539,0.0],[-51.375523015222591,-19.19509694999336,0.0],[-51.395961354970318,-19.196542417566281,0.0],[-51.40399669727001,-19.188319260447528,0.0],[-51.406780887889468,-19.185767838638601,0.0],[-51.407733397343392,-19.185129773609631,0.0],[-51.412021765569847,-19.18082749784762,0.0],[-51.406411386602343,-19.17609971120886,0.0],[-51.412023111877012,-19.17288243730771,0.0],[-51.417080968031662,-19.174750760393721,0.0],[-51.420884311186988,-19.166994293999949,0.0],[-51.427389116239581,-19.166048977540321,0.0],[-51.430966138268197,-19.17150622401682,0.0],[-51.438495965686627,-19.172152859151922,0.0],[-51.443652123736108,-19.167916968603471,0.0],[-51.446228510454759,-19.161020236951021,0.0],[-51.448408539315743,-19.160911614461881,0.0],[-51.457464508555077,-19.16345075662408,0.0],[-51.458658715985358,-19.168045785814449,0.0],[-51.474426357378562,-19.154712552456051,0.0],[-51.475732763552656,-19.15464754563795,0.0],[-51.478113630569617,-19.15493642520055,0.0],[-51.481826208530137,-19.160132002309581,0.0],[-51.49433472847214,-19.163452522538279,0.0],[-51.501036727445722,-19.156759661415862,0.0],[-51.501885859872608,-19.1482359813788,0.0],[-51.51188517903767,-19.15152290240389,0.0],[-51.527856721876212,-19.140063293524449,0.0],[-51.540187463523282,-19.143769095318941,0.0],[-51.551224540180733,-19.140683740657639,0.0],[-51.55499677169648,-19.13293394130481,0.0],[-51.576640397075167,-19.133022448296401,0.0],[-51.578326785671997,-19.128730463103299,0.0],[-51.580080433336789,-19.131144084046291,0.0],[-51.592914199721648,-19.127871774842191,0.0],[-51.59719513838013,-19.13676598825332,0.0],[-51.609610885579471,-19.141334018282791,0.0],[-51.614051478881962,-19.137229798980609,0.0],[-51.624301068025268,-19.138490869972561,0.0],[-51.640052334150752,-19.127886268829901,0.0],[-51.642920719107217,-19.13031738445947,0.0],[-51.658363192258342,-19.138375981728579,0.0],[-51.69363661616886,-19.118670383783929,0.0],[-51.700383936909112,-19.12013702883597,0.0],[-51.710187640819633,-19.11288942648428,0.0],[-51.711716251259013,-19.108936889175531,0.0],[-51.706278112910383,-19.107117735098871,0.0],[-51.713584301616287,-19.103289337396038,0.0],[-51.717082706848061,-19.107936300042059,0.0],[-51.72911370573236,-19.108684580717838,0.0],[-51.73205119595471,-19.099508941540879,0.0],[-51.740782433966707,-19.10131891291325,0.0],[-51.743218287224728,-19.098938327554691,0.0],[-51.746986646685357,-19.09437966371738,0.0],[-51.747244972651337,-19.092358813853259,0.0],[-51.742278507317842,-19.09053104631494,0.0],[-51.743609902059788,-19.088289356245401,0.0],[-51.76105652928549,-19.089082611055741,0.0],[-51.776502785561902,-19.07751328211717,0.0],[-51.78161509858937,-19.08166578873141,0.0],[-51.791746884571332,-19.078582938575561,0.0],[-51.789978227626627,-19.074454582621541,0.0],[-51.79833861079058,-19.073207588259208,0.0],[-51.796831891089759,-19.06707782702486,0.0],[-51.818780170918558,-19.054037344458742,0.0],[-51.841729108442081,-19.057594482417858,0.0],[-51.844300507601432,-19.05308360258363,0.0],[-51.836030361237007,-19.046429425716141,0.0],[-51.84317488169453,-19.042757696741401,0.0],[-51.851306390585172,-19.044838784204568,0.0],[-51.849194431221697,-19.047333257703549,0.0],[-51.855273147874371,-19.051846317885619,0.0],[-51.871560503180731,-19.035989174923898,0.0],[-51.87247770806681,-19.030455795391461,0.0],[-51.875945813275187,-19.031063560973131,0.0],[-51.883170574778511,-19.02033844507244,0.0],[-51.891640672503733,-19.017428382137421,0.0],[-51.889803935196703,-19.008808881516082,0.0],[-51.89922315213034,-18.994641784578661,0.0],[-51.907921879622158,-18.994658964893691,0.0],[-51.915168308913813,-18.984086072283041,0.0],[-51.926054291309811,-18.984759080325819,0.0],[-51.926882038203154,-18.976900961457229,0.0],[-51.934125740920301,-18.975932585827,0.0],[-51.940731900099642,-18.968403330426121,0.0],[-51.946469515210758,-18.975614746023329,0.0],[-51.952720430741792,-18.975374991793171,0.0],[-51.951919339830503,-18.981162261537051,0.0],[-51.958282467475513,-18.978750268151991,0.0],[-51.963732210427629,-18.969003223867919,0.0],[-51.965757248143269,-18.971004618068129,0.0],[-51.968697544637124,-18.967157074847901,0.0],[-51.967445629542368,-18.975786312632628,0.0],[-51.970120120135917,-18.977742703345161,0.0],[-51.973417650169793,-18.975124056556972,0.0],[-51.978614141230118,-18.98126768885275,0.0],[-51.981807466010757,-18.971685934540609,0.0],[-51.996367949796593,-18.973880880703739,0.0],[-51.999312125397473,-18.96819860144376,0.0],[-52.005004985663973,-18.969424972055439,0.0],[-52.00861257691961,-18.97750029320278,0.0],[-52.016009928454082,-18.98323502281179,0.0],[-52.021092199809267,-18.97974691642068,0.0],[-52.014868196501688,-18.973867735604031,0.0],[-52.02028046033,-18.96814488857321,0.0],[-52.019058477203757,-18.963952640692661,0.0],[-52.025923291384437,-18.964032330333101,0.0],[-52.035585057952133,-18.958619465106509,0.0],[-52.037676214161813,-18.96184531261245,0.0],[-52.042083489912997,-18.960868895069559,0.0],[-52.045646817830217,-18.950959081040779,0.0],[-52.050336884881617,-18.951812120352749,0.0],[-52.057059170140427,-18.946841217125939,0.0],[-52.067308788247487,-18.953794831014239,0.0],[-52.081778967974508,-18.95136140942547,0.0],[-52.088896792418417,-18.942350473935001,0.0],[-52.091416271001798,-18.94246212926409,0.0],[-52.091209042577823,-18.9418171254162,0.0],[-52.089369820814987,-18.936081257838978,0.0],[-52.096391027494121,-18.936474837984179,0.0],[-52.104806652596487,-18.928515848592468,0.0],[-52.107449719049747,-18.92396441271319,0.0],[-52.103308267036681,-18.92246219919527,0.0],[-52.105366328990293,-18.918525215201601,0.0],[-52.109419720916122,-18.919398257750839,0.0],[-52.10664239223307,-18.906356228604508,0.0],[-52.112123541106712,-18.899753930254779,0.0],[-52.11386830184248,-18.902626999010831,0.0],[-52.124839810761742,-18.897761353913371,0.0],[-52.131926851701429,-18.89818215621677,0.0],[-52.137869111339818,-18.890370124348809,0.0],[-52.148475662571819,-18.89437538107093,0.0],[-52.157590198937697,-18.888886684719871,0.0],[-52.155538751524681,-18.88301553936563,0.0],[-52.162087706643717,-18.87910686728004,0.0],[-52.15989488825997,-18.876952417210742,0.0],[-52.16567218812407,-18.877116001691789,0.0],[-52.166419916547767,-18.865971469838989,0.0],[-52.172861928420119,-18.862556968666251,0.0],[-52.17658832734778,-18.855134394884129,0.0],[-52.180002266079939,-18.85598049590995,0.0],[-52.181888084005656,-18.848368762907558,0.0],[-52.187394812999827,-18.846335665535751,0.0],[-52.199728058352179,-18.851235087403591,0.0],[-52.203421980705762,-18.84830504757976,0.0],[-52.208368447371917,-18.850584207541431,0.0],[-52.210279562888253,-18.84664083536309,0.0],[-52.219732169044761,-18.843010484759098,0.0],[-52.251892857625513,-18.84003225185835,0.0],[-52.264176846847882,-18.828264882102321,0.0],[-52.265200486812283,-18.831141009872681,0.0],[-52.277518697997998,-18.829701773047709,0.0],[-52.295370323607941,-18.82973390947501,0.0],[-52.206347579584467,-18.66382664154704,0.0],[-52.093393032854685,-18.522694992858831,712.066700101160677],[-52.152344926643281,-18.400110596344621,0.0],[-52.105700750502749,-18.265906300080641,0.0],[-51.936685779728691,-18.25850213966401,0.0],[-52.010335634359222,-18.031826394348339,0.0],[-52.029156968589717,-17.89107554705944,0.0],[-52.047510166436147,-17.800523551292081,0.0],[-51.873249569999984,-17.580790099999945,860.770499999998719],[-51.920121222215627,-17.554421487448199,0.0],[-51.953058557124777,-17.44415301840456,0.0],[-51.916541077116818,-17.274454140720501,0.0],[-51.888996335762762,-17.22679345909248,0.0],[-51.643088423384761,-17.283904805813453,1003.169800000003306],[-51.436504770298377,-17.280452555748859,0.0]]]]}},
{"type":"Feature","properties":{"Name":"17","REG":"17"},"geometry":{"type":"MultiPolygon","coordinates":[[[[-50.162502436156174,-17.816665152336629,474.050300000002608],[-50.158267676393187,-17.821119491766439,0.0],[-50.144809889999927,-18.071498879999972,0.0],[-50.172869018573209,-18.265780551614291,0.0],[-50.247768600985509,-18.379690333199662,0.0],[-50.329690019248972,-18.42182134830658,0.0],[-50.360020449106017,-18.438108106461328,0.0],[-50.414324740265442,-18.443348059944199,0.0],[-50.300958679292613,-18.694962077057362,0.0],[-50.309763922239583,-18.698908958552462,0.0],[-50.324374473074982,-18.71294678093005,0.0],[-50.352727330914128,-18.76075508694213,0.0],[-50.375454012268108,-18.810757879854449,0.0],[-50.377142935145557,-18.81284066633356,0.0],[-50.382244136833883,-18.816788451706941,0.0],[-50.394671007539991,-18.823186500069092,0.0],[-50.414505745410381,-18.827162827740111,0.0],[-50.421540865207291,-18.831620330247521,0.0],[-50.425001216705333,-18.83667563201454,0.0],[-50.441869508462567,-18.89112570750412,0.0],[-50.441979788372493,-18.89124431903771,0.0],[-50.461037027209393,-18.911545881050959,0.0],[-50.660489279999986,-18.919421699999923,493.153200000000652],[-50.780028960293173,-18.904736842816138,0.0],[-50.906050067760567,-18.844181245721419,0.0],[-50.938782822946912,-18.788535561904641,0.0],[-50.961530978973251,-18.711151790776441,0.0],[-51.07000845999994,-18.504757279999971,0.0],[-51.244181986081919,-18.279291887223479,0.0],[-51.317124924818799,-17.411160415763,0.0],[-51.328254657250696,-17.397804168947662,891.9951],[-51.436504770298377,-17.280452555748859,0.0],[-51.166885277510985,-17.269538572191202,869.535499999998137],[-51.246886942211049,-17.04982754359785,0.0],[-51.171788820683958,-16.966213140248101,0.0],[-51.123013752063272,-16.904276545174209,0.0],[-51.057141910351483,-16.860240128769789,850.250400000004447],[-51.056717564030215,-16.861032197189601,0.0],[-51.054629346447527,-16.864952846667137,0.0],[-50.843745953372228,-17.03951321207596,0.0],[-50.570358243592992,-17.062551660783619,0.0],[-50.531435694014085,-17.110724969033523,686.81239999999525],[-50.402189746895139,-17.198201952857222,640.657000353356125],[-50.388375748889722,-17.38708885886323,0.0],[-50.383428075090002,-17.391417748835678,540.410400034830673],[-50.382641788781271,-17.392251127989049,0.0],[-50.381657939043691,-17.393032997676642,542.120599999994738],[-50.38211185273903,-17.39374659543196,0.0],[-50.38233780049864,-17.417874941400459,0.0],[-50.341294165564307,-17.50671895087283,0.0],[-50.394847413072497,-17.617107058710264,543.241500000003725],[-50.241436087199617,-17.724997520626399,0.0],[-50.162502436156174,-17.816665152336629,474.050300000002608]]]]}},
{"type":"Feature","properties":{"Name":"18","REG":"18"},"geometry":{"type":"MultiPolygon","coordinates":[[[[-49.242504417270183,-17.01834462504074,0.0],[-49.235112331859519,-17.093788305402779,0.0],[-49.235055310720668,-17.136668201812348,0.0],[-49.23870466360659,-17.168600039564151,0.0],[-49.23870466360659,-17.17772342177895,0.0],[-49.241498699409867,-17.22014714907775,0.0],[-49.242062716023895,-17.248752319556218,0.0],[-49.241650679999964,-17.249740249999945,741.963000000003376],[-49.233287655416547,-17.34468131630975,0.0],[-49.230094471641372,-17.373876139397112,0.0],[-49.227679309999985,-17.38994828999995,643.012700000006589],[-49.21529924999993,-17.52492019999994,0.0],[-49.161383999336159,-17.718739987116521,0.0],[-49.207057931548988,-17.781007070732521,0.0],[-49.209058439999978,-17.810796159999938,0.0],[-49.254670582482483,-17.87953959865235,0.0],[-49.261969288254328,-17.99814356744475,0.0],[-49.267905499999983,-18.046889939999971,843.757599999997183],[-49.276694519999978,-18.108323099999946,670.181200000006356],[-49.27427872660197,-18.125008473726911,0.0],[-49.269260866383831,-18.14599225282095,0.0],[-49.255871590219392,-18.213159590556231,0.0],[-49.239449502232738,-18.278391773392041,0.0],[-49.214936709999961,-18.363154139999949,0.0],[-49.204193222089629,-18.396339346843408,0.0],[-49.199645183499477,-18.405502583335519,0.0],[-49.193908423747963,-18.415098617828988,0.0],[-49.206062132623472,-18.412251655333311,0.0],[-49.211488067455782,-18.417382784933341,0.0],[-49.211675602597687,-18.423967839112919,0.0],[-49.197241030005102,-18.439058863478849,0.0],[-49.19481823844346,-18.443155297494709,0.0],[-49.193486856019717,-18.448246179346111,0.0],[-49.201769804898397,-18.459317623366161,0.0],[-49.215927265329498,-18.46727457038746,0.0],[-49.228819455393342,-18.480313509838769,0.0],[-49.244492584395161,-18.506753381494871,0.0],[-49.249496069330917,-18.52312599510191,0.0],[-49.249597739080897,-18.523459052967809,0.0],[-49.272085856037393,-18.52819454610729,0.0],[-49.274684233771197,-18.529790103157652,0.0],[-49.284720801874357,-18.537502343991711,0.0],[-49.287624473167803,-18.541406529924409,0.0],[-49.292993552338302,-18.564466141419231,0.0],[-49.303379265715208,-18.566895836659011,0.0],[-49.32296757064762,-18.56181792785884,0.0],[-49.330665199355288,-18.565980705190569,0.0],[-49.343615821032621,-18.598458693051931,0.0],[-49.365553725492518,-18.61781736437333,0.0],[-49.37371724846961,-18.632819951104359,0.0],[-49.37915181920026,-18.64280667543353,0.0],[-49.395124562735091,-18.64673441272512,0.0],[-49.409017249983428,-18.645269059438419,0.0],[-49.417129554377958,-18.6390106374628,0.0],[-49.432800169702723,-18.607203636944721,0.0],[-49.482228132165787,-18.561491367927239,0.0],[-49.48612115949792,-18.54496593603087,0.0],[-49.486728328857353,-18.532687776323169,0.0],[-49.486685708637793,-18.508719245133669,0.0],[-49.48936877177217,-18.50271973891552,0.0],[-49.492849348848942,-18.497280511486512,0.0],[-49.497746901511263,-18.494117407560282,0.0],[-49.523397533561592,-18.49331534010183,0.0],[-49.536239105682327,-18.49410445500229,0.0],[-49.540093337451651,-18.496369733989351,0.0],[-49.54822182160585,-18.503857258885631,0.0],[-49.542792143567269,-18.527881926220989,0.0],[-49.548855617017168,-18.53897504565894,0.0],[-49.550453987284378,-18.541897562473249,0.0],[-49.555332128744567,-18.54545590292377,0.0],[-49.558433012177822,-18.546817288910699,0.0],[-49.575651843429782,-18.542786066186661,0.0],[-49.628644856150778,-18.553041186860241,0.0],[-49.645953177084237,-18.55785059187847,0.0],[-49.648396274105401,-18.55932920398822,0.0],[-49.652200233887179,-18.562893104787509,0.0],[-49.652876401587953,-18.572290123300029,0.0],[-49.635937090164603,-18.590479516654622,0.0],[-49.640518871993393,-18.600680690535391,0.0],[-49.648261487943913,-18.602273445974021,0.0],[-49.670133679443182,-18.590786029531511,0.0],[-49.676723211717949,-18.589994881804841,0.0],[-49.687320029362738,-18.590663449938901,0.0],[-49.705978093135819,-18.595861462728219,0.0],[-49.724499254894383,-18.609874270418281,0.0],[-49.726689849293372,-18.611531218383739,0.0],[-49.736538066196232,-18.616345934859559,0.0],[-49.742045919528742,-18.61612785227727,0.0],[-49.758181670283918,-18.61031328634569,0.0],[-49.770682414603982,-18.613263253148471,0.0],[-49.773257741528397,-18.615905485147,0.0],[-49.777930940199951,-18.631383090094261,0.0],[-49.784091078507203,-18.641801480168539,0.0],[-49.794615681380293,-18.644189506861299,0.0],[-49.795189022494881,-18.644151726141509,0.0],[-49.795565138709421,-18.644126724209741,0.0],[-49.820194036127788,-18.63303596508652,0.0],[-49.83655289534083,-18.637148423446352,0.0],[-49.853191946990478,-18.62362407014524,0.0],[-49.868497156047127,-18.622937605354821,0.0],[-49.8720460495813,-18.614106961574659,0.0],[-49.877962506130061,-18.61124302218774,0.0],[-49.882158669642671,-18.61008688239043,0.0],[-49.885626218482038,-18.610228256506161,0.0],[-49.904772098014057,-18.621763262426612,0.0],[-49.932053323356968,-18.624451769960071,0.0],[-49.974217469959328,-18.614777330745429,0.0],[-49.981854749041283,-18.605102772602852,0.0],[-50.01699048905904,-18.600297571997121,0.0],[-50.029163443568351,-18.60192641809925,0.0],[-50.037835000360481,-18.61138728824098,0.0],[-50.050605620215848,-18.64400027135725,0.0],[-50.064675309235923,-18.653827785954299,0.0],[-50.08044590112857,-18.672701476798391,0.0],[-50.164690358596729,-18.664810745794679,0.0],[-50.199283133426597,-18.679539037637291,0.0],[-50.217890064199388,-18.680981185257949,0.0],[-50.250666336145407,-18.6783490677382,0.0],[-50.270361917074119,-18.684548192878928,0.0],[-50.290121943353967,-18.690764817763409,0.0],[-50.295061463793559,-18.692318696191439,0.0],[-50.300958679292613,-18.694962077057362,0.0],[-50.414324740265442,-18.443348059944199,0.0],[-50.360020449106017,-18.438108106461328,0.0],[-50.329690019248972,-18.42182134830658,0.0],[-50.247768600985509,-18.379690333199662,0.0],[-50.172869018573209,-18.265780551614291,0.0],[-50.144809889999927,-18.071498879999972,0.0],[-50.158267676393187,-17.821119491766439,0.0],[-50.162502436156174,-17.816665152336629,474.050300000002608],[-50.021173820923607,-17.676100342783599,0.0],[-50.004901422492971,-17.660007387377661,0.0],[-49.962090582996147,-17.682341089566769,0.0],[-49.797775222744249,-17.721767186407131,0.0],[-49.675079093599877,-17.423349309994229,0.0],[-49.492024311599288,-17.297252033892711,0.0],[-49.487291682116158,-17.28114785923011,0.0],[-49.475978724347669,-17.007686362826071,0.0],[-49.424639315813828,-16.948238912703872,0.0],[-49.423044813824973,-16.957430800426138,0.0],[-49.294380542150073,-17.017838484693019,0.0],[-49.242504417270183,-17.01834462504074,0.0]]]]}},
{"type":"Feature","properties":{"Name":"19","REG":"19"},"geometry":{"type":"MultiPolygon","coordinates":[[[[-48.260369726852268,-17.405948336452489,0.0],[-48.334372331311449,-17.576713111907129,0.0],[-48.529004484184199,-17.67475004816896,0.0],[-48.614956471647162,-17.719690412372909,0.0],[-48.622011988549779,-17.72521113673254,0.0],[-48.58878657216983,-17.772194246175889,0.0],[-48.461915242889809,-17.897623855805001,0.0],[-48.485703617129808,-17.974755857128649,0.0],[-48.563100317970331,-18.132398892371519,0.0],[-48.509415321090472,-18.23175691321762,0.0],[-48.446391607502932,-18.356013893983981,0.0],[-48.446052779086912,-18.355762067912309,0.0],[-48.478204741576327,-18.37965824080543,0.0],[-48.4800364367509,-18.380162125874911,0.0],[-48.483753143498021,-18.37753292027984,0.0],[-48.4862814950611,-18.373886766827361,0.0],[-48.481813313849777,-18.36111028861772,0.0],[-48.48519860568635,-18.354092713667399,0.0],[-48.49316704914667,-18.353435728320019,0.0],[-48.516039661882523,-18.366876575056029,0.0],[-48.531503973753047,-18.351535264476979,0.0],[-48.550077844285653,-18.350616840989129,0.0],[-48.554933175437313,-18.347409014327869,0.0],[-48.554138088596588,-18.331857218491891,0.0],[-48.561806216584202,-18.32434600932147,0.0],[-48.582757641377007,-18.327689000616822,0.0],[-48.591576133709147,-18.33465318759465,0.0],[-48.597664278673463,-18.335271499214741,0.0],[-48.634217817974942,-18.328107942804021,0.0],[-48.64194378895764,-18.3338854577399,0.0],[-48.6414827045623,-18.340721906870169,0.0],[-48.647561697314828,-18.3443519107866,0.0],[-48.656502927945994,-18.342862413983379,0.0],[-48.668853673298912,-18.345886273761788,0.0],[-48.669258401741907,-18.34598571725477,0.0],[-48.683268312814491,-18.34399424922114,0.0],[-48.698140500282094,-18.350626461740699,0.0],[-48.708972850953259,-18.34549720336825,0.0],[-48.731004314191253,-18.353731619801628,0.0],[-48.756138237718908,-18.344841154823332,0.0],[-48.770583496894353,-18.356069796901441,0.0],[-48.784612840178561,-18.35159302985522,0.0],[-48.801249237498297,-18.362022488590359,0.0],[-48.816751211812473,-18.380116739322439,0.0],[-48.828418299630847,-18.375708872233119,0.0],[-48.832477936944038,-18.34659416333583,0.0],[-48.844546133625578,-18.340572947524379,0.0],[-48.87314400207336,-18.333306647600409,0.0],[-48.883285743629827,-18.319312039612502,0.0],[-48.907507739920433,-18.316806355060599,0.0],[-48.918147005604837,-18.306334830271549,0.0],[-48.93716866439005,-18.30666641509066,0.0],[-48.959897124725877,-18.323938681983421,0.0],[-48.969625346043181,-18.32979757695535,0.0],[-48.975984654336393,-18.34042958272498,0.0],[-48.984589504890501,-18.341873167611929,0.0],[-48.981895373499867,-18.356833861304221,0.0],[-48.991015512726349,-18.359017727858479,0.0],[-48.996390926945118,-18.371400030348131,0.0],[-49.006358584154228,-18.37481779232979,0.0],[-49.024143247545062,-18.368380714180791,0.0],[-49.04239465781022,-18.376968204762228,0.0],[-49.047622589629178,-18.39334276342495,0.0],[-49.054158007074911,-18.40303503777621,0.0],[-49.07743479353433,-18.41724088594799,0.0],[-49.082353456540773,-18.413722501031579,0.0],[-49.091654422183737,-18.41401357284856,0.0],[-49.097291119670849,-18.40416679831187,0.0],[-49.110339629073231,-18.402648949270031,0.0],[-49.112915488660462,-18.40062308739498,0.0],[-49.113506602922961,-18.399574464839858,0.0],[-49.107580357989207,-18.389315238706111,0.0],[-49.109201745041062,-18.384304911626451,0.0],[-49.127883116500179,-18.383832323922491,0.0],[-49.154980814988917,-18.403211809191738,0.0],[-49.158541753247341,-18.41434771976191,0.0],[-49.186273544269667,-18.416887060826621,0.0],[-49.193908423747963,-18.415098617828988,0.0],[-49.199645183499477,-18.405502583335519,0.0],[-49.204193222089629,-18.396339346843408,0.0],[-49.214936709999961,-18.363154139999949,0.0],[-49.239449502232738,-18.278391773392041,0.0],[-49.255871590219392,-18.213159590556231,0.0],[-49.269260866383831,-18.14599225282095,0.0],[-49.27427872660197,-18.125008473726911,0.0],[-49.276694519999978,-18.10832309999995,0.0],[-49.267905499999983,-18.046889939999971,843.757599999997183],[-49.261969288254328,-17.99814356744475,0.0],[-49.254670582482483,-17.87953959865235,0.0],[-49.209058439999978,-17.810796159999938,0.0],[-49.207057931548988,-17.781007070732521,0.0],[-49.161383999336159,-17.718739987116521,0.0],[-49.21529924999993,-17.52492019999994,0.0],[-49.227679309999985,-17.38994828999995,643.012700000006589],[-49.230094471641372,-17.373876139397112,0.0],[-49.233287655416547,-17.34468131630975,0.0],[-49.241650679999964,-17.249740249999945,741.963000000003376],[-49.242062716023895,-17.248752319556218,0.0],[-49.241498699409867,-17.22014714907775,0.0],[-49.23870466360659,-17.17772342177895,0.0],[-49.23870466360659,-17.168600039564151,0.0],[-49.235055310720668,-17.136668201812348,0.0],[-49.235112331859519,-17.093788305402779,0.0],[-49.242504417270183,-17.01834462504074,0.0],[-49.229592553847539,-17.022609478336101,0.0],[-49.203123472968883,-17.036310997449561,0.0],[-49.146558503237117,-17.071892188087279,0.0],[-49.136522782800839,-17.077366217416159,0.0],[-49.074483783740213,-17.155827304463429,0.0],[-49.00322292670014,-17.265097629562046,835.104500000001281],[-48.972269048958012,-17.275327268016099,0.0],[-48.895722513468989,-17.2812738099169,0.0],[-48.868034407153949,-17.280345128234231,0.0],[-48.835508190851307,-17.324153706326449,0.0],[-48.804413851076262,-17.3808897394747,0.0],[-48.804655392396327,-17.387552171748272,803.360899999999674],[-48.801340667424768,-17.38637027456706,0.0],[-48.76382075826745,-17.373255412703561,0.0],[-48.531174513036731,-17.34588526620583,0.0],[-48.352356222584874,-17.340411236906281,0.0],[-48.286859625958442,-17.329852211542541,0.0],[-48.282395242858023,-17.340175791000515,0.0],[-48.253215043726605,-17.367968371737099,0.0],[-48.245950160769254,-17.372839623634228,656.234599999996135],[-48.260369726852268,-17.405948336452489,0.0]]]]}},
{"type":"Feature","properties":{"Name":"20","REG":"20"},"geometry":{"type":"MultiPolygon","coordinates":[[[[-47.352206779789569,-17.17951811922595,0.0],[-47.353586134527561,-17.180689929128171,0.0],[-47.341921332401419,-17.187096869933011,0.0],[-47.340721087330117,-17.187981261038178,0.0],[-47.343169081000191,-17.190008945596251,0.0],[-47.350006942694307,-17.186683054012889,0.0],[-47.357057332692953,-17.18908138050994,0.0],[-47.36342602620855,-17.186951612876381,0.0],[-47.35722986190919,-17.19513782399514,0.0],[-47.350614219008072,-17.19695703425192,0.0],[-47.35088147725957,-17.204244321915709,0.0],[-47.351508437401847,-17.205751833118981,0.0],[-47.356454608098353,-17.203097066482901,0.0],[-47.361226352306957,-17.20507845398522,0.0],[-47.364561710805432,-17.212465174439721,0.0],[-47.363028680468702,-17.22316722276927,0.0],[-47.37291852206701,-17.217924356776479,0.0],[-47.374841882356002,-17.217751014006058,0.0],[-47.373952164720201,-17.22168744242606,0.0],[-47.378985842837693,-17.220434077098819,0.0],[-47.385700415351472,-17.227508003033709,0.0],[-47.379396198685853,-17.236737279588471,0.0],[-47.386882988569923,-17.24019450269089,0.0],[-47.382314327655209,-17.243815665482771,0.0],[-47.386918867048841,-17.25026542761395,0.0],[-47.396447862053719,-17.243224213376791,0.0],[-47.407191918682408,-17.246142251529889,0.0],[-47.41145088466542,-17.24969115528835,0.0],[-47.40865227026481,-17.258039298284739,0.0],[-47.422728870960377,-17.260071203543198,0.0],[-47.423508337708057,-17.262566223044079,0.0],[-47.417487706621223,-17.26508849288507,0.0],[-47.41732465025332,-17.265434607812889,0.0],[-47.417412440393868,-17.267934074632759,0.0],[-47.418028570379477,-17.270185481473,0.0],[-47.434841063621299,-17.27667741599145,0.0],[-47.433152182722637,-17.28394665565396,0.0],[-47.425931801571821,-17.28408918658063,0.0],[-47.421800935415092,-17.290090646969499,0.0],[-47.420612618250217,-17.297573775407109,0.0],[-47.421178199436767,-17.30150214211103,0.0],[-47.429753909685729,-17.308496614857329,0.0],[-47.422093556866507,-17.316427273918279,0.0],[-47.424573072951759,-17.324485670223648,0.0],[-47.437017114964547,-17.318616954661849,0.0],[-47.44231360179942,-17.323473365841259,0.0],[-47.45072928320522,-17.324512785092491,0.0],[-47.451395704203257,-17.329559217017149,0.0],[-47.455398268913846,-17.331142548235849,0.0],[-47.441172306646322,-17.34816192782521,0.0],[-47.44744351510311,-17.349729693981409,0.0],[-47.451492721556882,-17.345579084114078,0.0],[-47.460424234757461,-17.344610427426051,0.0],[-47.458262293007898,-17.352182727188929,0.0],[-47.463088488134311,-17.35542857004101,0.0],[-47.464658513142972,-17.355964957316949,0.0],[-47.472608303848162,-17.345673720190771,0.0],[-47.488337438366599,-17.349965360896618,0.0],[-47.491204958720907,-17.34528475112776,0.0],[-47.495456408894277,-17.345305289342679,0.0],[-47.499008086349598,-17.33628047074399,0.0],[-47.510306565146067,-17.332448445033851,0.0],[-47.51129850186674,-17.327523674121689,0.0],[-47.511754897684177,-17.32760478408721,0.0],[-47.51253688820902,-17.335402073700269,0.0],[-47.509172687788819,-17.338681006146249,0.0],[-47.504978734417087,-17.337755737276719,0.0],[-47.522061271805867,-17.353272473950451,0.0],[-47.519986814880149,-17.357153073176331,0.0],[-47.514373120828679,-17.356668369735718,0.0],[-47.51488932227771,-17.375186035113611,0.0],[-47.518951605740583,-17.375807690619808,0.0],[-47.519123297165443,-17.38078106821019,0.0],[-47.526084798119371,-17.383434952316541,0.0],[-47.530895954284581,-17.378044328151969,0.0],[-47.532702385010907,-17.381579908195999,0.0],[-47.528810418151018,-17.389067769730872,0.0],[-47.539209179725397,-17.389259672904771,0.0],[-47.533709681374518,-17.39487835752065,0.0],[-47.532508305853632,-17.401707590843831,0.0],[-47.524396825715868,-17.407379897868601,0.0],[-47.525096577946456,-17.41181937951092,0.0],[-47.525213527405462,-17.412561052391101,0.0],[-47.537730912474039,-17.408717632527981,0.0],[-47.536153965429413,-17.413189068315521,0.0],[-47.53025944112305,-17.41429132489915,0.0],[-47.528098622564343,-17.424496981537651,0.0],[-47.523676882001148,-17.422214201471089,0.0],[-47.521811586891488,-17.424330617194059,0.0],[-47.527562807144257,-17.430195368523151,0.0],[-47.527707301488739,-17.440824074942711,0.0],[-47.540734735947339,-17.446324070512262,0.0],[-47.54156839707111,-17.454763309808278,0.0],[-47.536077768486862,-17.4560914001292,0.0],[-47.514689983934922,-17.4612640355517,0.0],[-47.512446121252722,-17.474244717479181,0.0],[-47.503616863491757,-17.48223677065771,0.0],[-47.50611528352006,-17.49347380600917,0.0],[-47.50328534911543,-17.517012640958551,0.0],[-47.501254501077113,-17.52022990060977,0.0],[-47.496236953811639,-17.52576080464382,0.0],[-47.492872743826887,-17.52689944001829,0.0],[-47.4784133019919,-17.512119089256249,0.0],[-47.477899961587511,-17.51219131426484,0.0],[-47.46728407397562,-17.53402738855684,0.0],[-47.463936811906819,-17.535885197011432,0.0],[-47.457804788651423,-17.53800524164873,0.0],[-47.453994176572728,-17.537655532142718,0.0],[-47.446790154774078,-17.53123578204568,0.0],[-47.414584092889221,-17.5219833325522,0.0],[-47.400158290422972,-17.51339553719556,0.0],[-47.385287804398452,-17.514805611703881,0.0],[-47.374919920164082,-17.524380463494641,0.0],[-47.351759877147131,-17.527402809246119,0.0],[-47.331312627846017,-17.525301208498622,0.0],[-47.321224455036543,-17.531622696447169,0.0],[-47.3144899716211,-17.544553119127819,0.0],[-47.307004928317241,-17.558920502352841,0.0],[-47.284245241191833,-17.578040769854439,0.0],[-47.276202716597687,-17.5983151532275,0.0],[-47.267252915764708,-17.60955001423811,0.0],[-47.264349591944359,-17.620919295705161,0.0],[-47.268648621342606,-17.638176655810181,0.0],[-47.279117135741423,-17.6446880597566,0.0],[-47.28175999274378,-17.65370729674002,0.0],[-47.278890517440963,-17.656053996559422,0.0],[-47.28028582880588,-17.65900040618876,0.0],[-47.276224386060903,-17.66008293292327,0.0],[-47.27142212925186,-17.66776163334918,0.0],[-47.270796875051829,-17.67493336729121,0.0],[-47.28698076476126,-17.68467672072391,0.0],[-47.298733156089703,-17.68446666963948,0.0],[-47.301869057211782,-17.689386145254598,0.0],[-47.299900706933428,-17.69191700961839,0.0],[-47.306032184019202,-17.691803649584951,0.0],[-47.3140670574792,-17.699478407220479,0.0],[-47.31247959155067,-17.7119776929955,0.0],[-47.318226965981097,-17.727096693728669,0.0],[-47.337422015197468,-17.737884487839811,0.0],[-47.343112129692969,-17.74492063822861,0.0],[-47.342840770445413,-17.752251816299541,0.0],[-47.335029013734072,-17.757262449686181,0.0],[-47.336838781310853,-17.76144803520193,0.0],[-47.333094308512003,-17.767081157070159,0.0],[-47.343588943448133,-17.775516466363751,0.0],[-47.341206982817347,-17.77949928989689,0.0],[-47.354863330477073,-17.78800014192943,0.0],[-47.354615022028547,-17.794201031889841,0.0],[-47.348828291071953,-17.798427205272951,0.0],[-47.353371444106493,-17.805338914718401,0.0],[-47.358393185552139,-17.805805008823221,0.0],[-47.351011161533762,-17.811722592977642,0.0],[-47.35242342200138,-17.8155965106086,0.0],[-47.363728593981627,-17.817434257128092,0.0],[-47.364862251517508,-17.823959310759161,0.0],[-47.373443516445981,-17.83041155448096,0.0],[-47.36730928603761,-17.83583412892154,0.0],[-47.362704023420527,-17.853575973774468,0.0],[-47.358480097726591,-17.858845205434569,0.0],[-47.359919320564018,-17.866505823402751,0.0],[-47.354091203199808,-17.871384502802009,0.0],[-47.359215241488087,-17.887676293384299,0.0],[-47.35620994166036,-17.892314403115499,0.0],[-47.358511087133422,-17.892544117637701,0.0],[-47.357448875925222,-17.898250284225821,0.0],[-47.347218728749183,-17.898441162630181,0.0],[-47.345995382320183,-17.899438398948,0.0],[-47.343820370085467,-17.903600389798051,0.0],[-47.344584852586763,-17.909434605341652,0.0],[-47.338789784955097,-17.912948550196749,0.0],[-47.344538229245622,-17.918940801550551,0.0],[-47.342763496866418,-17.922295839040089,0.0],[-47.345174638439993,-17.921336375796269,0.0],[-47.339784038606631,-17.928626185984971,0.0],[-47.340976598704927,-17.937869041206351,0.0],[-47.337695446355958,-17.939221844994218,0.0],[-47.337307925402449,-17.935911817094521,0.0],[-47.334946799399823,-17.940075197618601,0.0],[-47.334060452906471,-17.951985029894079,0.0],[-47.314228831058067,-17.963686329715141,0.0],[-47.314339730156163,-17.977503952525101,0.0],[-47.321702071578848,-17.980202000818458,0.0],[-47.323334617324932,-17.98495620292919,0.0],[-47.320180689630739,-17.986437896232101,0.0],[-47.319560449645799,-17.99649798855771,0.0],[-47.315979283654663,-17.995854942521468,0.0],[-47.311925663413042,-18.006518110390331,0.0],[-47.29723129929998,-18.009855147186201,0.0],[-47.294396293766503,-18.017495505151551,0.0],[-47.297648301652252,-18.020995522484029,0.0],[-47.296115807654182,-18.027053638557241,0.0],[-47.301166438434869,-18.027484454190741,0.0],[-47.293450507958212,-18.03064284857037,0.0],[-47.287149642024993,-18.043248821088039,0.0],[-47.284378759941532,-18.041411038761829,0.0],[-47.283588273558877,-18.05869730720876,0.0],[-47.292839823809402,-18.064522041766661,0.0],[-47.298034888686729,-18.062283388535299,0.0],[-47.305928623013997,-18.064160315952758,0.0],[-47.302817513689973,-18.074197085210251,0.0],[-47.310730108479277,-18.0699322912232,0.0],[-47.32315056733205,-18.070153073415099,0.0],[-47.34380869648637,-18.081271972751001,0.0],[-47.347260170158158,-18.088701190632751,0.0],[-47.358178646614419,-18.085483337524099,0.0],[-47.361765695435317,-18.096674254841091,0.0],[-47.355093101611438,-18.09728151104472,0.0],[-47.35626260186659,-18.10557519075622,0.0],[-47.366314982403999,-18.108279893878869,0.0],[-47.36990479150974,-18.115716333331559,0.0],[-47.384366401560193,-18.11820823781791,0.0],[-47.386478392864127,-18.121674648367119,0.0],[-47.394172925392567,-18.116702349048811,0.0],[-47.396204394907251,-18.127607714735671,0.0],[-47.407705694192181,-18.13221409501817,0.0],[-47.405845128301657,-18.135746356512911,0.0],[-47.396923342284907,-18.13783891338182,0.0],[-47.397257257107142,-18.142326451685609,0.0],[-47.408369638645347,-18.14198806758953,0.0],[-47.412789453932753,-18.148168658844561,0.0],[-47.418737284850742,-18.14116107125259,0.0],[-47.42917104033733,-18.139747680549679,0.0],[-47.435752862030412,-18.152447764576721,0.0],[-47.434202308700577,-18.15768587312364,0.0],[-47.427731678703481,-18.16176565927357,0.0],[-47.4304250722777,-18.16627679867268,0.0],[-47.436261554030509,-18.16805595593107,0.0],[-47.444928027497859,-18.159388064219399,0.0],[-47.451622847750713,-18.159633593117679,0.0],[-47.464342839777331,-18.177823421210221,0.0],[-47.468950401575107,-18.176793670031461,0.0],[-47.471847405477831,-18.18051257925816,0.0],[-47.480371682092233,-18.17768362863923,0.0],[-47.483794248140818,-18.181189200369339,0.0],[-47.48850212258597,-18.187241455676268,0.0],[-47.485316275065323,-18.193991528965832,0.0],[-47.490284397282487,-18.192892886719491,0.0],[-47.497564256312153,-18.199563747439889,0.0],[-47.505622396058477,-18.192725319023669,0.0],[-47.518589837008903,-18.199336987953611,0.0],[-47.518402389762151,-18.211059592031059,0.0],[-47.531033717788418,-18.218309601246919,0.0],[-47.527877323051712,-18.226705799916171,0.0],[-47.534124101158177,-18.23116692324756,0.0],[-47.539572221491881,-18.228220762632731,0.0],[-47.540515519063639,-18.21779677793813,0.0],[-47.534955905666898,-18.19907885940794,0.0],[-47.539107337401482,-18.195454365102389,0.0],[-47.543065451031367,-18.19564073852905,0.0],[-47.558120451615913,-18.208498008842941,0.0],[-47.562175790792637,-18.209092718756011,0.0],[-47.567953351673843,-18.204326262940199,0.0],[-47.571338478556839,-18.220787504187459,0.0],[-47.576871640951808,-18.226465307921689,0.0],[-47.581610311631678,-18.224595270962151,0.0],[-47.589007376666899,-18.22749859777003,0.0],[-47.581845906513458,-18.232168392051541,0.0],[-47.582183427526147,-18.235569253804488,0.0],[-47.591173005103506,-18.236266998752669,0.0],[-47.60752884875135,-18.24720313496697,0.0],[-47.607369681286187,-18.247518693982649,0.0],[-47.603839385720853,-18.254500715020932,0.0],[-47.603647178260438,-18.25818963711539,0.0],[-47.607683376947463,-18.264350506979561,0.0],[-47.614257076709322,-18.263035189121219,0.0],[-47.615529030523277,-18.261144611460391,0.0],[-47.614957586797388,-18.25134675020935,0.0],[-47.624014972573796,-18.258248160323621,0.0],[-47.625598063761487,-18.26093539923777,0.0],[-47.619404138942024,-18.272173302454551,0.0],[-47.630291822482548,-18.277713303699869,0.0],[-47.639155611202369,-18.288139467609849,0.0],[-47.633153043369227,-18.292083972712721,0.0],[-47.62769801956378,-18.303604375116869,0.0],[-47.611647568477068,-18.31585260779665,0.0],[-47.624649457488452,-18.323098170153571,0.0],[-47.62657009649292,-18.3347590971477,0.0],[-47.63369158450962,-18.333986003782371,0.0],[-47.647005696366691,-18.34041961308565,0.0],[-47.648355156271862,-18.339579599855821,0.0],[-47.647322599251709,-18.330772027354659,0.0],[-47.653571003351963,-18.32671029792894,0.0],[-47.657959407457071,-18.32826695907243,0.0],[-47.67109362787766,-18.35793882765816,0.0],[-47.679767636721813,-18.356853224733548,0.0],[-47.686845243937903,-18.357919314228241,0.0],[-47.686491375531418,-18.36325797347568,0.0],[-47.69896606920971,-18.377701933807241,0.0],[-47.702763910886233,-18.379601655976039,0.0],[-47.70644396510756,-18.379839697503861,0.0],[-47.711589029868279,-18.37787271339997,0.0],[-47.717239593399967,-18.36255311068491,0.0],[-47.740957165918793,-18.364301911080489,0.0],[-47.733678785559711,-18.376361492444811,0.0],[-47.736596064374538,-18.379389006046519,0.0],[-47.742686974491178,-18.377095903852439,0.0],[-47.74373282685039,-18.377918684217072,0.0],[-47.749536278982212,-18.385235944737129,0.0],[-47.75677476569048,-18.395439612935579,0.0],[-47.756786993885889,-18.396644901146729,0.0],[-47.747984135401573,-18.40624168990281,0.0],[-47.748262500795057,-18.4120692393764,0.0],[-47.759512100983542,-18.410739456240091,0.0],[-47.771121196119601,-18.41882697560461,0.0],[-47.779403565486341,-18.42459671159655,0.0],[-47.78960034784496,-18.418121610568029,0.0],[-47.798883530606552,-18.416771558077279,0.0],[-47.800453249344947,-18.411357059710841,0.0],[-47.798268756793263,-18.407901483725389,0.0],[-47.802520470614972,-18.404979217453711,0.0],[-47.809513331531143,-18.401333877317001,0.0],[-47.815717891259887,-18.406721674657032,0.0],[-47.830280079849281,-18.41388222842475,0.0],[-47.831160149303066,-18.425655937830491,0.0],[-47.83742945754404,-18.43629016916142,0.0],[-47.832036912142428,-18.44296275074036,0.0],[-47.832325562590732,-18.450244479263741,0.0],[-47.839180948614803,-18.45222168844473,0.0],[-47.849848551705719,-18.441781828791441,0.0],[-47.859205626184753,-18.440826223772511,0.0],[-47.860912608246771,-18.4435279063329,0.0],[-47.864932141270671,-18.449887665945841,0.0],[-47.866019673504177,-18.453317413080299,0.0],[-47.872378392314388,-18.456668802973539,0.0],[-47.873261468134608,-18.45823131260882,0.0],[-47.873673148390957,-18.45981576895452,0.0],[-47.864568319408001,-18.464825296889369,0.0],[-47.8636305541825,-18.47020618093325,0.0],[-47.868569814465133,-18.474860921659619,0.0],[-47.875876036864362,-18.476132844885079,0.0],[-47.88596531399876,-18.468973016227501,0.0],[-47.890574309818028,-18.477360568439391,0.0],[-47.91466155064839,-18.467040095160559,0.0],[-47.925825067036499,-18.471697308372288,0.0],[-47.929938262261381,-18.48830465588297,0.0],[-47.940937866076418,-18.488565442869461,0.0],[-47.953041123423191,-18.494302938891579,0.0],[-47.955325909765897,-18.500744373246821,0.0],[-47.962585993626853,-18.49653374926649,0.0],[-47.96534760911694,-18.47782107561687,0.0],[-47.96947515573121,-18.475208534836479,0.0],[-47.97676916411902,-18.478244917696689,0.0],[-47.97960030706178,-18.4764257228254,0.0],[-47.980294141526812,-18.46315254967482,0.0],[-47.976439315098808,-18.453074701918531,0.0],[-47.981298226520053,-18.443323207386609,0.0],[-47.998299916350518,-18.4550571225322,0.0],[-48.006869482608657,-18.454811249238059,0.0],[-48.010355358701737,-18.453311776465359,0.0],[-48.013995093632701,-18.445157801162271,0.0],[-48.026972186159163,-18.437291842688339,0.0],[-48.029091380751083,-18.436780717815051,0.0],[-48.03976929920951,-18.43420398179504,0.0],[-48.048432119990338,-18.417430465548051,0.0],[-48.056213046853998,-18.41370512131483,0.0],[-48.061800348261187,-18.413516206154618,0.0],[-48.0680824415644,-18.42565989426631,0.0],[-48.073931428711617,-18.428635727431111,0.0],[-48.089017761982021,-18.429863171392331,0.0],[-48.09611035986061,-18.429089800072681,0.0],[-48.115017842929078,-18.427025532112442,0.0],[-48.118215103167678,-18.425421893070791,0.0],[-48.129083827087683,-18.416586491220581,0.0],[-48.148186006634177,-18.40867217206927,0.0],[-48.151191264352498,-18.3956520467178,0.0],[-48.160153285247617,-18.384953581722741,0.0],[-48.161748804336519,-18.37269708023803,0.0],[-48.173277315751598,-18.375419275071732,0.0],[-48.196360649342118,-18.364656025059301,0.0],[-48.221347108361712,-18.362746453990251,0.0],[-48.227085502450279,-18.35835500201248,0.0],[-48.227204889957378,-18.346226008230939,0.0],[-48.255790011896657,-18.344450311388389,0.0],[-48.262796720105463,-18.33234600972537,0.0],[-48.272644359687753,-18.332138742320229,0.0],[-48.279463067433149,-18.331995099918728,0.0],[-48.288686615338243,-18.34914353996075,0.0],[-48.315338181675543,-18.36461716625077,0.0],[-48.316133513948088,-18.373518350214361,0.0],[-48.304915055367132,-18.380699294743,0.0],[-48.305077571683213,-18.383584874333259,0.0],[-48.314023263214978,-18.38530096060105,0.0],[-48.324717567697917,-18.382259498332481,0.0],[-48.334990457185746,-18.375082446922988,0.0],[-48.335742132026112,-18.37455743909797,0.0],[-48.342915274586552,-18.371405158132148,0.0],[-48.354003186822823,-18.366532011776751,0.0],[-48.363938344717759,-18.369885052130108,0.0],[-48.400885827547867,-18.372336020745848,0.0],[-48.404048369257417,-18.371648223082641,0.0],[-48.406109159900971,-18.356804198008881,0.0],[-48.413863992081772,-18.356704996189471,0.0],[-48.419913826131932,-18.36199668137797,0.0],[-48.436964642753424,-18.365767749273669,0.0],[-48.446052779086912,-18.355762067912309,0.0],[-48.446391607502932,-18.356013893983981,0.0],[-48.509415321090472,-18.23175691321762,0.0],[-48.563100317970331,-18.132398892371519,0.0],[-48.485703617129808,-17.974755857128649,0.0],[-48.461915242889809,-17.897623855805001,0.0],[-48.58878657216983,-17.772194246175889,0.0],[-48.622011988549779,-17.72521113673254,0.0],[-48.614956471647162,-17.719690412372909,0.0],[-48.529004484184199,-17.67475004816896,0.0],[-48.334372331311449,-17.576713111907129,0.0],[-48.260369726852268,-17.405948336452489,0.0],[-48.245950160769254,-17.372839623634228,656.234599999996135],[-48.226464908375291,-17.362154139011938,0.0],[-48.106081317524357,-17.312414811055572,0.0],[-47.862430696520683,-17.16247596736099,0.0],[-47.712491852826098,-17.11922437783371,0.0],[-47.611571477262437,-17.116340938531891,0.0],[-47.481816708680597,-17.133641574342811,0.0],[-47.418381044040594,-17.15670908875736,0.0],[-47.363595697306039,-17.17112628526645,0.0],[-47.352206779789569,-17.17951811922595,0.0]]]]}}
]
}
